X,X,X,X,X,X,X,X,X,X,X,X,X,X,X,X,X,X,X,X,X,X,X,X,X,X,X,X,X,X,X,X,X,X,X,X,X,X,X,X,X,X,X,X,X,X,X,X,X,X,X,X,X,X,X,X,X,X,X,X,X,X,X,X,X,X,X,X,X,X,X,X,X,X,X,X,_,X,X,X,X,X,X,X,X,X,X,X,X,X,X,X,X,X,X,X,X,X,X,X,X,X,X,X,X,X,X,X,X,X,X,X,X,X,X,X,X,X,X,X,X,X,X,X,X,X,X,X,X,X,X,X,X,X,X,X,X,X,X,X,X,X,X,X,X,X,X,X,X,X,X,X,X,X,X,X,X,X,X,X,X,X,_,X,X,X,X,X,X,X,X,X,X,X,X,X,X,X,X,X,X,X,X,X,X,X,X,X,X,X,X,X,X,X,X,X,X,X,X,X,_,X,X,X,X,X,X,X,X,X,X,X,X,X,X,X,X,X,X,X,X,X,X,X,X,X,X,X,X,X,X,X,X,X,X,X,X,X,X,X,X,X,X,X,X,X,X,X,X,X,X,X,X,X,X,X
X,X,X,X,X,X,X,X,X,X,X,X,X,X,X,X,X,X,X,X,X,X,X,X,X,_,_,_,_,_,X,X,X,X,X,X,X,X,X,X,X,X,X,X,X,X,X,X,X,_,_,X,X,X,X,X,X,X,X,X,X,X,X,X,X,X,X,X,X,X,X,X,X,X,X,_,C,_,_,X,X,X,X,_,_,_,_,_,_,_,_,_,_,_,X,X,X,X,X,X,X,X,X,_,_,X,X,X,X,X,X,X,X,X,X,X,X,X,X,X,X,X,X,X,X,X,X,X,X,X,X,X,X,X,X,_,_,X,X,X,X,X,X,X,X,X,X,X,_,_,_,_,_,_,_,_,_,X,X,X,X,_,C,_,_,_,_,_,_,_,_,_,_,_,X,X,X,X,X,_,_,_,_,_,_,_,_,_,_,_,X,X,X,X,X,X,X,X,X,_,C,_,_,_,X,X,X,_,_,_,X,X,X,X,_,_,_,_,X,X,X,X,X,X,X,X,X,X,X,X,X,X,X,X,X,X,X,X,X,X,X,X,_,_,_,_,_,_,_,_,_,_,_,_,X,X
X,X,X,X,X,X,X,X,X,X,X,X,X,X,X,X,X,X,_,X,X,X,X,X,_,_,_,_,_,_,_,X,X,X,X,X,X,X,X,X,X,X,_,_,X,X,X,X,_,_,_,_,X,X,X,X,X,X,X,X,X,X,X,X,X,X,X,X,X,X,X,X,X,X,_,_,_,_,_,_,_,_,_,_,_,_,_,_,_,_,_,_,_,_,_,X,X,X,X,X,_,_,_,_,_,_,X,X,X,X,X,X,X,X,X,X,X,X,X,X,X,X,X,X,X,X,X,X,X,X,X,X,_,_,_,_,_,_,X,X,X,X,X,X,X,_,_,_,_,_,_,_,_,_,_,_,_,_,X,X,X,_,_,_,_,_,_,_,_,_,_,_,_,_,_,X,X,X,_,_,_,_,_,_,_,_,_,_,_,_,_,X,X,X,X,X,X,X,X,_,_,_,_,_,_,X,_,_,_,_,_,X,X,_,_,_,_,_,_,X,X,X,X,X,X,X,X,X,X,X,X,X,X,X,X,X,X,X,X,X,X,_,_,_,_,_,_,_,_,_,_,_,_,_,_,X
X,X,X,X,X,X,X,X,X,X,X,X,X,X,X,X,X,_,_,_,X,X,X,X,_,_,_,_,_,_,_,X,X,X,X,X,X,X,X,X,X,_,_,_,_,X,X,X,_,_,_,_,_,X,X,X,X,X,X,X,X,X,X,X,X,X,X,X,X,X,X,X,X,_,_,_,_,_,_,_,_,_,_,_,_,_,_,_,_,_,_,_,_,_,_,_,X,X,X,_,_,_,_,_,_,_,_,X,X,X,X,X,X,X,X,X,X,X,X,_,_,X,X,X,X,X,X,X,X,X,X,_,_,_,_,_,_,_,_,X,X,X,X,X,_,_,_,_,_,_,_,_,_,_,_,_,_,_,_,X,_,_,_,_,_,_,_,_,_,_,_,_,_,_,_,_,X,_,_,_,_,_,_,_,_,_,_,_,_,_,_,_,X,X,X,X,X,X,_,_,_,_,_,_,_,_,_,_,_,_,_,_,_,_,_,_,_,_,_,_,X,X,X,X,X,X,X,X,X,_,X,X,X,X,X,X,X,X,X,X,X,_,_,_,_,_,_,_,_,_,_,_,_,_,_,X
X,X,X,X,X,X,X,_,_,_,_,_,_,_,_,_,_,_,_,_,_,_,_,_,_,_,_,_,_,_,_,_,_,_,_,_,_,_,_,_,_,_,_,_,_,_,_,_,_,_,_,_,_,_,_,_,_,_,_,X,X,X,X,X,X,X,_,_,_,_,X,X,_,_,_,_,_,_,_,_,_,_,_,_,X,X,_,_,_,_,X,X,_,_,_,_,_,_,_,_,_,_,_,_,_,_,_,_,_,_,_,_,_,_,_,_,_,_,_,_,_,_,_,_,_,_,_,_,_,_,_,_,_,_,_,_,_,_,_,_,_,_,_,_,_,_,_,_,_,_,_,_,_,_,_,_,_,_,_,_,_,_,_,_,X,X,X,X,X,X,X,_,_,_,_,_,_,_,_,_,_,_,_,C,_,_,_,_,_,_,_,_,X,X,X,X,X,_,_,_,_,_,_,_,_,_,_,_,_,_,_,_,_,_,_,_,_,_,_,_,_,_,X,X,X,X,X,X,_,C,_,X,X,X,X,X,X,X,X,X,X,_,_,_,_,_,_,_,C,_,_,_,_,_,_,X
X,X,X,X,X,X,_,_,_,_,_,_,_,_,_,_,_,_,_,_,_,_,_,_,_,_,_,_,_,_,_,_,_,_,_,_,_,_,_,_,_,_,_,_,_,_,_,_,_,_,_,_,_,_,_,_,_,_,_,_,X,X,X,X,X,_,_,_,_,_,_,_,_,_,_,_,_,_,_,_,_,_,_,_,X,X,_,_,_,_,X,X,_,_,_,_,_,_,_,_,_,_,_,_,_,_,_,_,_,_,_,_,_,_,_,_,_,_,_,_,_,_,_,_,_,_,_,_,_,_,_,_,_,_,_,_,_,_,_,_,_,_,_,_,_,_,_,_,_,X,_,_,_,_,_,_,_,_,_,_,_,_,_,_,X,X,X,X,X,X,X,_,_,_,_,_,_,_,_,_,_,_,_,_,_,_,_,_,_,_,_,_,X,X,X,X,_,_,_,_,_,_,_,_,_,_,_,_,_,_,_,_,_,_,_,_,_,_,_,_,_,_,_,X,X,X,X,X,_,_,_,X,X,X,X,X,X,X,X,X,X,_,_,_,_,_,_,_,_,_,_,_,_,_,_,X
X,X,X,X,X,X,X,_,_,_,_,_,_,_,_,_,_,_,_,_,_,_,_,_,_,_,_,_,_,_,_,_,_,_,_,_,_,_,_,_,_,_,_,_,_,_,_,_,_,_,_,_,_,_,_,_,_,_,_,X,X,X,X,X,_,_,_,_,_,_,_,_,_,_,_,_,_,_,_,_,_,_,_,_,_,_,_,_,_,_,_,_,_,_,_,_,_,_,_,_,_,_,_,_,_,_,_,_,_,_,_,_,_,_,_,_,_,_,_,_,_,_,_,_,_,_,_,_,_,_,_,_,_,_,_,_,_,_,_,_,_,_,_,_,_,_,_,_,_,_,_,_,_,_,_,_,_,_,_,_,_,_,_,_,_,X,X,X,_,_,_,_,_,_,_,_,_,_,_,_,_,_,_,_,_,_,_,_,_,_,_,_,X,X,X,X,X,_,_,_,_,_,_,_,_,_,_,_,_,_,_,_,_,_,_,_,_,_,_,_,_,_,_,_,X,X,X,X,_,_,_,X,X,X,X,X,X,X,X,X,X,_,_,_,_,_,_,_,_,_,_,_,_,_,_,X
X,X,X,X,X,X,X,X,X,X,X,X,X,X,X,X,X,_,_,_,_,_,_,_,_,_,_,_,_,_,_,X,X,X,X,X,X,X,X,X,X,_,_,_,_,_,_,_,_,_,_,_,_,X,X,X,X,X,X,X,X,X,X,X,_,_,_,_,_,_,_,_,_,_,_,_,_,_,_,_,_,_,_,_,_,_,_,_,_,_,_,_,_,_,_,_,X,X,X,_,_,_,_,_,_,_,_,X,X,X,X,X,X,X,X,X,X,X,X,_,_,X,X,X,X,X,X,X,X,X,X,_,_,_,_,_,_,_,_,X,X,X,X,X,_,_,_,_,_,_,_,_,_,_,_,_,_,_,_,X,_,_,_,_,_,_,X,_,_,_,_,_,_,_,_,_,X,_,_,_,_,_,_,_,_,_,_,_,_,_,_,_,X,X,X,X,X,X,_,_,_,_,_,_,_,_,_,_,_,_,_,_,_,_,_,_,_,_,_,_,_,_,_,_,X,X,X,X,_,_,_,X,X,X,X,X,X,X,X,X,X,_,_,_,_,_,_,_,_,_,_,_,_,_,_,X
X,X,X,X,X,X,X,X,X,X,X,X,X,X,X,X,X,_,_,_,_,_,_,_,_,_,_,_,_,_,_,X,X,X,X,X,X,X,X,X,X,X,_,_,_,_,_,_,_,_,_,_,X,X,X,X,X,X,X,X,X,X,X,X,X,_,_,_,_,_,_,_,_,_,_,_,_,_,_,_,_,_,_,_,_,_,_,_,_,_,_,_,_,_,_,X,X,X,X,X,_,_,_,_,_,_,X,X,X,X,X,X,X,X,X,X,X,X,X,X,X,X,X,X,X,X,X,X,X,X,X,X,_,_,_,_,_,_,X,X,X,X,X,X,X,_,_,_,_,_,_,_,_,_,_,_,_,_,X,X,X,_,_,_,_,_,_,_,_,_,_,_,_,_,_,X,X,X,_,_,_,_,_,_,_,_,_,_,_,_,_,X,X,X,X,X,X,X,X,_,_,_,_,_,_,X,_,_,_,_,_,X,X,_,_,_,_,_,_,_,_,_,_,X,X,X,X,X,X,_,X,X,X,X,X,X,X,X,X,X,X,_,_,_,_,_,_,_,_,_,_,_,_,_,_,X
X,X,X,X,X,X,X,X,X,X,X,X,X,X,X,X,X,X,_,_,_,_,_,_,_,_,_,_,_,_,X,X,X,X,X,X,X,X,X,X,X,X,X,_,_,_,_,_,_,_,_,X,X,X,X,X,X,X,X,X,X,X,X,X,X,X,_,_,_,_,X,X,_,_,_,_,_,_,_,X,X,X,X,_,_,_,_,_,_,_,_,_,_,_,X,X,X,X,X,X,X,X,X,_,_,X,X,X,X,X,X,X,X,X,X,X,X,X,X,X,X,X,X,X,X,X,X,X,X,X,X,X,X,X,X,_,_,X,X,X,X,X,X,X,X,X,X,X,_,_,_,_,_,_,_,_,_,X,X,X,X,X,_,_,_,_,X,_,_,_,_,_,_,_,X,X,X,X,X,_,_,_,_,_,_,_,_,_,_,_,X,X,X,X,X,X,X,X,X,X,_,_,_,_,X,X,X,_,_,_,X,X,X,X,_,_,_,_,_,_,_,_,X,X,X,X,X,X,X,X,X,X,X,X,X,X,X,X,X,X,X,X,_,_,_,_,_,_,_,_,_,_,_,_,X,X
X,X,X,X,X,X,X,X,X,X,X,X,X,X,X,X,X,X,X,X,X,X,X,X,X,X,X,X,X,X,X,X,X,X,X,X,X,X,X,X,X,X,X,X,X,X,X,X,X,X,X,X,X,X,X,X,X,X,X,X,X,X,X,X,X,X,X,X,X,X,X,X,X,X,X,X,X,X,X,X,X,X,X,X,X,X,X,X,X,X,X,X,X,X,X,X,X,X,X,X,X,X,X,X,X,X,X,X,X,X,X,X,X,X,X,X,X,X,X,X,X,X,X,X,X,X,X,X,X,X,X,X,X,X,X,X,X,X,X,X,X,X,X,X,X,X,X,X,X,X,X,X,X,X,X,X,X,X,X,X,X,X,X,X,X,X,X,X,X,X,X,X,X,X,X,X,X,X,X,X,X,X,X,X,X,X,X,X,X,X,X,X,X,X,X,X,X,X,X,X,X,X,X,X,X,X,X,X,X,X,X,X,X,X,X,X,X,X,X,X,X,X,X,X,X,X,X,X,X,X,X,X,X,X,X,X,X,X,X,X,X,X,X,X,X,X,X,X,X,X,X,X,X,X,X,X
X,X,X,X,X,X,X,X,X,X,X,X,X,X,X,X,X,X,X,X,X,X,X,X,X,X,X,X,X,X,X,X,X,X,X,X,X,X,X,X,X,X,X,X,X,X,X,X,X,X,X,X,X,X,X,X,X,X,X,X,X,X,X,X,X,X,X,X,X,X,X,X,X,X,X,X,X,X,X,X,X,X,X,X,X,X,X,X,X,X,X,X,X,X,X,X,X,X,X,X,X,X,X,X,X,X,X,X,X,X,X,X,X,X,X,X,X,X,X,X,X,X,X,X,X,X,X,X,X,X,X,X,X,X,X,X,X,X,X,X,X,X,X,X,X,X,X,X,X,X,X,X,X,X,X,X,X,X,X,X,X,X,X,X,X,X,X,X,X,X,X,X,X,X,X,X,X,X,X,X,X,X,X,X,X,X,X,X,X,X,X,X,X,X,X,X,X,X,X,X,X,X,X,X,X,X,X,X,X,X,X,X,X,X,X,X,X,X,X,X,X,X,X,X,X,X,X,X,X,X,X,X,X,X,X,X,X,X,X,X,X,X,X,X,X,X,X,X,X,X,X,X,X,X,X,X
X,X,X,_,_,_,_,_,_,_,_,_,_,_,_,_,_,_,_,_,_,_,_,_,_,_,_,_,_,_,X,X,X,X,X,X,X,X,X,X,_,_,_,_,_,_,_,_,_,_,_,X,X,X,X,X,X,X,X,X,X,X,X,_,_,_,_,_,_,_,_,_,_,_,_,_,_,_,X,X,X,X,X,X,X,X,X,X,_,_,X,X,_,_,X,X,X,X,_,_,X,X,_,_,X,X,X,X,X,X,X,_,_,_,X,X,X,X,X,X,X,X,X,X,X,X,X,X,X,X,X,X,X,X,X,X,X,X,X,X,X,X,X,X,X,X,X,X,X,X,X,X,X,X,X,X,X,X,X,X,X,X,X,X,X,X,X,X,X,X,X,X,X,X,X,X,X,X,X,_,_,_,_,_,_,_,_,_,_,X,X,X,X,X,_,_,_,_,_,_,_,_,_,_,_,_,_,_,_,_,_,_,X,X,X,X,X,X,X,X,X,X,X,X,X,X,X,X,X,X,X,X,X,X,_,_,_,_,_,_,_,_,_,_,_,_,_,_,_,_,_,_,_,_,X,X
X,X,_,_,_,_,_,_,_,_,_,_,_,_,_,_,_,_,_,_,_,_,_,_,_,_,_,_,_,_,_,X,X,X,X,X,X,X,X,_,_,_,_,_,_,_,_,_,_,_,_,_,X,X,X,X,X,X,X,X,X,X,_,_,_,_,_,_,_,_,_,_,_,_,_,_,_,_,_,X,X,X,X,X,X,X,X,_,_,_,_,_,_,_,_,_,_,_,_,_,_,_,_,_,_,X,X,X,X,X,_,_,_,_,_,X,X,X,X,X,X,X,X,X,X,X,X,X,X,X,X,X,X,X,X,X,X,X,X,X,X,X,X,X,X,X,X,X,X,X,X,X,X,X,X,X,X,X,X,X,X,X,X,X,X,X,X,X,X,X,X,X,X,X,X,X,X,X,_,_,_,_,_,_,_,_,_,_,_,_,X,X,X,_,_,_,_,_,_,_,_,_,_,_,_,_,_,_,_,_,_,_,_,X,X,X,X,X,X,X,X,X,X,X,X,X,X,X,X,X,X,X,X,_,_,_,_,_,_,_,_,_,_,_,_,_,_,_,_,_,_,_,_,_,_,X
X,_,_,_,_,_,_,_,_,_,_,_,_,_,_,_,_,_,_,_,_,_,_,_,_,_,_,_,_,_,_,_,X,X,X,X,X,X,_,_,_,_,_,_,_,_,_,_,_,_,_,_,_,X,X,X,X,X,X,X,X,_,_,_,_,_,_,_,_,_,_,_,_,_,_,_,_,_,_,_,X,X,X,X,X,X,X,_,_,_,_,_,_,_,_,_,_,_,_,_,_,_,_,_,_,X,X,X,X,_,_,_,_,_,_,_,X,X,X,X,X,X,X,X,X,X,X,X,X,X,X,X,X,X,X,X,X,X,X,X,X,X,X,X,X,X,X,X,X,X,X,X,X,X,X,X,X,X,X,X,X,X,X,X,X,X,X,X,X,X,X,X,X,X,X,X,X,_,_,_,_,_,_,_,_,_,_,_,_,_,_,X,_,_,_,_,_,_,_,_,_,_,_,_,_,_,_,_,_,_,_,_,_,_,X,X,X,X,_,_,_,_,_,_,_,_,_,_,_,_,_,X,_,_,_,_,_,_,_,_,_,_,_,_,_,_,_,_,_,_,_,_,_,_,_,X
_,_,_,_,_,_,_,_,_,_,_,_,_,_,_,_,_,_,_,_,_,_,_,_,_,_,_,_,_,_,_,_,X,X,_,_,_,_,_,_,_,_,_,_,_,_,_,_,_,_,_,_,_,_,_,_,_,_,_,_,_,_,_,_,_,_,_,_,_,_,_,_,_,_,_,_,_,_,_,_,_,X,X,_,_,X,X,_,_,_,_,_,_,_,_,_,_,_,_,_,_,_,_,_,_,_,_,_,_,_,_,_,_,_,_,_,_,_,X,_,_,_,_,_,_,_,_,_,_,_,_,_,_,_,_,_,_,_,_,_,_,_,_,_,_,_,_,_,_,_,_,_,_,_,_,_,_,_,_,_,_,_,_,_,_,_,_,_,_,_,_,_,_,_,_,_,_,_,_,_,_,_,_,_,_,_,_,_,_,_,_,_,_,_,_,_,_,_,_,_,_,_,_,_,_,_,_,_,_,_,_,_,_,_,X,_,_,_,_,_,_,_,_,_,_,_,_,_,_,_,_,_,_,_,_,_,_,_,_,_,_,_,_,_,_,_,C,_,_,_,_,_,_,_,_,X
_,_,_,_,_,_,_,_,_,_,_,_,_,_,_,_,_,_,_,_,_,_,_,_,_,_,_,_,_,_,_,_,X,_,_,_,_,_,_,_,_,_,_,_,_,_,_,_,_,_,_,_,_,_,_,_,_,_,_,_,_,_,_,_,_,_,_,_,_,_,_,_,_,_,_,_,_,_,_,_,_,_,_,_,_,_,_,_,_,_,_,_,_,_,_,_,_,_,_,_,_,_,_,_,_,_,_,_,_,_,_,_,_,_,_,_,_,_,_,_,_,_,_,_,_,_,_,_,_,_,_,_,_,_,_,_,_,_,_,_,_,_,_,_,_,_,_,_,_,_,_,_,_,_,_,_,_,_,_,_,_,_,_,_,_,_,_,_,_,_,_,_,_,_,_,_,_,_,_,_,_,_,_,_,_,_,_,_,_,_,_,_,_,_,_,_,_,_,_,_,_,_,_,_,_,_,_,_,_,_,_,_,_,_,_,_,_,_,_,_,_,_,_,_,_,_,_,_,_,_,_,_,_,_,_,_,_,_,_,_,_,_,_,_,_,_,_,_,_,_,_,_,_,_,_,X
_,_,_,_,_,_,_,_,_,_,_,_,_,_,_,_,_,_,_,_,_,_,_,_,_,_,_,_,_,_,_,_,_,_,_,_,_,_,_,_,_,_,_,_,_,_,_,_,_,_,_,_,_,_,_,_,_,_,_,_,_,_,_,_,_,_,_,_,_,_,_,_,_,_,_,_,_,_,_,_,_,_,_,_,_,_,_,_,_,_,_,_,_,_,_,_,_,_,_,_,_,_,_,_,_,_,_,_,_,_,_,_,_,_,_,_,_,_,_,_,_,_,_,_,_,_,_,_,_,_,_,_,_,_,_,_,_,_,_,_,_,_,_,_,_,_,_,_,_,_,_,_,_,_,_,_,_,_,_,_,_,_,_,_,_,_,_,_,_,_,_,_,_,_,_,_,_,_,_,_,_,_,_,_,_,_,_,_,_,_,_,_,_,_,_,_,_,_,_,_,_,_,_,_,_,_,_,_,_,_,_,_,_,_,_,_,_,_,_,_,_,_,_,_,_,_,_,_,_,_,_,_,_,_,_,_,_,_,_,_,_,_,_,_,_,_,_,_,_,_,_,_,_,_,_,X
X,_,_,_,_,_,_,_,_,_,_,_,_,_,_,_,_,_,_,_,_,_,_,_,_,_,_,_,_,_,_,_,_,_,_,_,_,_,_,_,_,_,_,_,_,_,_,_,_,_,_,_,_,_,_,_,_,_,_,_,_,_,_,_,_,_,_,_,_,_,_,_,_,_,_,_,_,_,_,_,_,_,_,_,_,_,_,_,_,_,_,_,_,_,_,_,_,_,_,_,_,_,_,_,_,_,_,_,X,_,_,_,_,_,_,_,_,_,_,_,_,_,_,_,_,_,_,_,_,_,_,_,_,_,_,_,_,_,_,_,_,_,_,_,_,_,_,_,_,_,_,_,_,_,_,_,_,_,_,_,_,_,_,_,_,_,_,_,_,_,_,_,_,_,_,_,X,_,_,_,_,_,_,_,_,_,_,_,_,_,_,X,_,_,_,_,_,_,_,_,_,_,_,_,_,_,_,_,_,_,_,_,_,_,_,_,_,_,X,X,X,X,X,X,X,X,X,X,X,X,X,X,_,_,_,_,_,_,_,_,_,_,_,_,_,_,_,_,_,_,_,_,_,_,_,X
X,X,_,_,_,_,_,_,_,_,_,_,_,_,_,_,_,_,_,_,_,_,_,_,_,_,_,_,_,_,_,X,X,_,_,_,_,_,_,_,_,_,_,_,_,_,_,_,_,_,_,_,_,_,_,_,_,_,_,_,_,_,_,_,_,_,_,_,_,_,_,_,_,_,_,_,_,_,_,_,_,_,_,_,_,_,_,_,_,_,_,_,_,_,_,_,_,_,_,_,_,_,_,_,_,_,_,_,X,X,_,_,_,_,_,_,_,_,_,_,_,_,_,_,_,_,_,_,_,_,_,_,_,_,_,_,_,X,X,X,X,X,X,X,X,X,X,X,X,X,X,X,X,X,X,X,X,X,X,X,X,X,X,X,X,X,_,_,_,_,_,_,_,_,_,_,X,X,_,_,_,_,_,_,_,_,_,_,_,_,X,X,X,_,_,_,_,_,_,_,_,_,_,_,_,_,_,_,_,_,_,_,_,X,_,_,_,_,X,X,X,X,X,X,X,X,X,X,X,X,X,X,_,_,_,_,_,_,_,_,_,_,_,_,_,_,_,_,_,_,_,_,_,_,_,X
X,X,X,_,_,_,_,_,_,_,_,_,_,_,_,_,_,_,_,_,_,_,_,_,_,_,_,_,_,_,X,X,X,X,_,_,_,_,_,_,_,_,_,_,_,_,_,_,_,_,_,_,_,_,_,_,_,_,_,_,_,_,_,_,_,_,_,_,_,_,_,_,_,_,_,_,_,_,_,_,_,X,X,_,_,X,X,_,_,_,X,X,_,_,X,X,X,X,_,_,X,X,_,_,_,_,_,X,X,X,X,_,_,_,_,_,_,_,_,_,_,_,_,_,_,_,_,_,_,_,_,_,_,_,_,_,X,X,X,X,X,X,X,X,X,X,X,X,X,X,X,X,X,X,X,X,X,X,X,X,X,X,X,X,X,X,X,_,_,_,_,_,_,_,_,X,X,X,X,_,_,_,_,_,_,_,_,_,_,X,X,X,X,X,_,_,_,_,_,_,_,_,_,_,_,_,_,_,_,_,_,_,X,X,_,_,_,_,X,X,X,X,X,X,X,X,X,X,X,X,X,X,X,_,_,_,_,_,_,_,_,_,_,_,_,_,_,_,_,_,_,_,_,_,X,X
X,X,X,X,X,X,X,X,X,X,X,X,X,X,X,X,X,X,X,X,X,X,X,X,X,X,X,X,X,X,X,X,X,X,X,X,X,X,X,X,X,X,X,X,X,X,X,X,X,X,X,X,X,X,X,X,X,X,X,X,X,X,X,X,X,X,X,X,X,X,X,X,X,X,X,X,X,X,X,X,X,X,X,X,X,X,X,X,X,X,X,X,X,X,X,X,X,X,X,X,X,X,X,X,X,X,X,X,X,X,X,X,X,X,X,X,X,X,_,_,_,_,_,_,X,X,X,X,X,X,X,X,X,X,X,X,X,X,X,X,X,X,X,X,X,X,X,X,X,X,X,X,X,X,X,X,X,X,X,X,X,X,X,X,X,X,X,X,X,X,X,X,X,X,X,X,X,X,X,X,X,X,X,X,X,X,X,X,X,X,X,X,X,X,X,X,X,X,X,X,X,X,X,X,X,X,X,X,X,X,X,X,X,X,_,_,_,_,X,X,X,X,X,X,X,X,X,X,X,X,X,X,X,X,X,X,X,X,X,X,X,X,X,X,X,X,X,X,X,X,X,X,X,X,X,X
X,X,X,X,X,X,X,X,X,X,X,X,X,X,X,X,X,X,X,X,X,X,X,X,X,X,X,X,X,X,X,X,X,X,X,X,X,X,X,X,X,X,X,X,X,X,X,X,X,X,X,X,X,X,X,X,X,X,X,X,X,X,X,X,X,X,X,X,X,X,X,X,X,X,X,X,X,X,X,X,X,X,X,X,X,X,X,X,X,X,_,X,X,X,X,X,X,X,X,X,X,X,X,X,X,X,X,X,X,X,X,X,X,X,X,X,X,X,_,_,_,_,_,_,X,X,X,X,X,X,X,X,X,X,X,X,X,X,X,X,X,X,X,X,X,X,X,X,X,X,X,X,X,X,X,X,X,X,X,X,X,X,X,X,X,X,X,X,X,X,X,X,X,X,X,X,X,X,X,X,X,X,X,X,X,X,X,X,X,X,X,X,X,X,X,X,X,X,X,X,X,X,X,X,X,X,X,X,X,X,X,X,X,X,_,_,_,_,X,X,X,X,X,X,X,X,X,X,X,X,X,X,X,X,X,X,X,X,X,X,X,X,X,X,X,X,X,X,X,X,X,X,X,X,X,X
X,X,X,X,X,X,X,X,X,X,X,X,X,X,X,X,X,X,X,X,X,X,X,X,X,X,X,X,X,X,X,X,X,X,X,X,X,X,X,X,X,X,X,X,X,X,X,X,X,X,_,_,_,_,_,X,X,X,X,_,_,_,_,_,_,_,_,X,X,_,_,_,_,_,_,_,_,_,_,_,_,_,_,_,_,_,_,_,_,_,C,_,_,_,X,X,X,X,_,_,_,X,X,X,X,_,X,X,X,X,X,X,X,X,X,X,X,X,_,_,_,_,_,_,X,X,_,_,_,_,_,_,_,_,_,_,_,_,_,_,_,_,X,_,X,X,X,X,X,X,X,X,X,X,X,X,X,X,X,X,X,X,X,X,X,X,X,X,X,X,X,X,X,X,X,X,X,X,X,X,X,X,X,X,X,X,X,X,X,X,X,X,_,_,_,_,_,_,_,_,_,_,_,_,X,X,X,X,X,X,X,X,_,_,_,_,_,_,X,X,X,X,X,X,X,X,X,X,X,X,X,X,X,X,X,X,X,X,X,X,X,X,X,X,X,X,X,X,X,X,X,X,X,X,X,X
X,X,X,X,X,X,X,X,X,X,X,X,X,X,X,X,X,X,X,X,X,X,X,X,X,X,X,X,X,X,X,X,X,X,X,X,X,X,X,X,X,X,X,X,X,X,X,X,X,_,_,_,_,_,_,_,X,X,_,_,_,_,_,_,_,_,_,_,_,_,_,_,_,_,_,_,_,_,_,_,_,_,_,_,_,_,_,_,_,_,_,_,_,_,_,X,X,_,_,_,_,_,X,X,_,_,_,X,X,X,X,X,X,X,X,X,X,X,_,_,_,_,_,_,X,_,_,_,_,_,_,_,_,_,_,_,_,_,_,_,_,_,_,_,_,X,X,X,X,X,X,X,X,X,X,X,X,X,X,X,X,X,X,X,X,X,X,X,X,X,X,X,X,X,X,X,X,X,X,X,X,X,X,X,X,X,X,X,X,X,X,_,_,_,_,_,_,_,_,_,_,_,_,_,_,X,X,X,X,X,X,_,_,_,_,_,_,_,X,X,X,X,X,X,X,X,X,X,X,X,X,X,X,X,X,X,X,X,X,X,X,X,X,X,X,X,X,X,X,X,X,X,X,X,X,X
X,X,X,X,X,X,X,X,X,X,X,X,X,X,X,X,X,X,X,X,X,X,X,X,X,X,X,X,X,X,X,X,X,X,X,X,X,X,X,_,_,X,X,X,X,X,X,X,_,_,_,_,_,_,_,_,_,_,_,_,_,_,_,_,_,_,_,_,_,_,_,_,_,_,_,_,_,_,_,_,_,_,_,_,_,_,_,_,_,_,_,_,_,_,_,_,_,_,_,_,_,_,_,_,_,_,_,_,_,_,_,_,_,_,_,_,_,_,_,_,_,_,_,_,_,_,_,_,_,_,_,_,_,_,_,_,_,_,_,_,_,_,_,_,_,X,X,X,X,X,X,X,X,X,X,X,X,X,X,X,X,X,X,X,X,X,X,X,X,X,X,X,X,X,X,X,X,X,X,X,X,X,X,X,X,X,X,X,X,X,X,_,_,_,_,_,_,_,_,_,_,_,_,_,_,X,X,X,X,X,X,_,_,_,_,_,_,_,X,X,X,X,X,X,X,X,X,X,X,X,X,X,X,X,X,X,X,X,X,X,X,X,X,X,X,X,_,X,X,X,X,X,X,X,X,X
X,X,X,X,X,X,X,X,X,X,X,X,X,X,X,X,X,X,X,X,X,X,X,X,X,X,X,X,X,X,X,X,X,X,X,X,X,X,_,C,C,_,X,X,X,X,X,X,_,_,_,_,_,_,_,_,_,_,_,_,_,_,_,_,_,_,_,_,_,_,_,_,_,_,_,_,_,_,_,_,_,_,_,_,_,_,_,_,_,_,_,_,_,_,_,_,_,_,_,_,_,_,_,_,_,_,_,_,_,_,_,_,_,_,_,_,_,_,_,_,_,_,_,_,_,_,_,_,_,_,_,_,_,_,_,_,_,_,_,_,_,_,_,_,_,X,X,X,X,X,X,X,X,X,X,X,X,X,X,X,X,X,X,X,X,X,X,X,X,X,X,X,X,X,X,X,X,X,X,X,X,X,X,X,X,X,X,X,X,X,X,_,_,_,_,_,_,_,X,X,X,X,_,_,_,_,_,_,_,_,_,_,_,_,_,_,_,_,_,_,_,_,_,_,_,_,_,_,_,_,_,_,X,X,X,X,X,X,X,X,X,X,X,X,X,_,X,_,X,X,X,X,X,X,X,X
X,X,X,X,X,X,X,X,X,X,X,X,X,X,X,X,X,X,X,X,X,X,X,X,X,X,X,X,X,X,X,X,X,X,X,X,X,X,X,_,_,X,X,X,X,X,X,X,_,_,_,_,X,_,_,_,_,_,_,_,_,_,_,_,_,_,_,_,_,_,_,_,_,_,_,_,_,_,_,_,_,_,_,_,_,_,_,_,_,_,_,_,_,_,_,_,_,_,_,_,_,_,_,_,_,_,_,_,_,_,_,_,_,_,_,_,_,_,_,_,_,_,_,_,_,_,_,_,_,_,_,_,_,_,_,_,_,_,_,_,_,_,_,_,_,X,X,X,X,X,X,X,X,X,X,X,X,X,X,X,X,X,X,X,X,X,X,X,X,X,X,X,X,X,X,X,X,X,X,X,X,X,X,X,X,X,X,X,X,X,X,_,_,_,_,_,_,_,X,X,X,X,_,_,_,_,_,_,_,_,_,_,_,_,_,_,_,_,_,_,_,_,_,_,_,_,_,_,_,_,_,_,_,X,X,X,X,X,X,X,X,X,X,X,X,X,_,X,X,X,X,X,X,X,X,X
X,X,X,X,X,X,X,X,X,X,X,X,X,X,X,X,X,X,X,X,X,X,X,X,X,X,X,X,X,X,X,X,X,X,X,X,X,X,X,X,X,X,X,X,X,X,X,X,_,_,_,_,_,_,_,_,_,_,_,_,_,_,_,_,_,_,_,_,_,_,_,_,_,_,_,_,_,_,_,_,_,_,_,_,_,_,_,_,_,_,_,_,_,_,_,_,_,_,_,_,_,_,_,_,_,_,_,_,_,_,_,_,_,_,_,_,_,_,X,X,_,_,_,_,_,_,_,_,_,_,_,_,_,_,_,_,_,_,_,_,_,_,_,_,_,X,X,X,X,X,X,X,X,X,X,X,X,X,X,X,X,X,X,X,X,X,X,X,X,X,X,X,X,X,X,X,X,X,X,X,X,X,X,X,X,X,X,X,X,X,X,_,_,_,_,_,_,_,_,_,_,_,_,_,_,_,_,_,_,_,_,_,_,_,_,_,_,_,_,_,_,_,_,_,_,_,_,_,_,_,_,_,_,_,X,X,X,X,X,X,X,X,X,X,X,X,X,X,X,X,X,X,X,X,X,X
X,X,X,X,X,X,X,X,X,X,X,X,X,X,X,X,X,X,X,X,X,X,X,X,X,X,X,X,X,X,X,X,X,X,X,X,X,X,X,X,X,X,X,X,X,X,X,X,_,_,_,_,_,_,_,_,_,_,_,_,_,_,_,_,_,_,_,_,_,_,_,_,_,_,_,_,_,_,_,_,_,_,_,_,_,_,_,_,_,_,_,_,_,_,_,_,_,_,_,_,_,_,_,_,_,_,X,X,X,X,X,X,X,X,X,X,X,X,X,X,X,X,X,X,X,X,X,X,X,X,X,X,X,X,_,_,_,_,_,_,_,_,_,_,_,X,X,X,X,X,X,X,X,X,X,X,X,X,X,X,X,X,X,X,X,X,X,X,X,X,X,X,X,X,X,X,X,X,X,X,X,X,X,X,X,X,X,X,X,X,X,_,_,_,_,_,_,_,_,_,_,_,_,_,_,_,_,_,_,_,_,_,_,_,_,_,_,_,_,_,_,_,_,_,_,_,_,_,_,_,_,_,_,_,X,X,X,X,X,X,X,X,X,X,X,X,X,X,X,X,X,X,X,X,X,X
X,X,X,X,X,X,X,X,X,X,X,X,X,X,X,X,X,X,X,X,X,X,X,X,X,X,X,X,X,X,X,X,X,X,X,X,X,X,X,X,X,X,X,X,X,X,X,X,X,_,_,_,_,_,_,_,X,X,_,_,_,_,_,_,_,_,_,_,_,_,_,_,_,_,_,_,_,_,_,_,_,_,_,_,_,_,_,_,_,_,_,_,_,_,_,X,X,_,_,_,_,_,X,X,_,X,X,X,X,X,X,X,X,X,X,X,X,X,X,X,X,X,X,X,X,X,X,X,X,X,X,X,X,X,_,_,_,_,_,_,_,_,_,_,_,X,X,X,X,X,X,X,X,X,X,X,X,X,X,X,X,X,X,X,X,X,X,X,X,X,X,X,X,X,X,X,X,X,X,X,X,X,X,X,X,X,X,X,X,X,X,_,_,_,_,_,_,_,_,_,_,_,_,_,_,_,_,_,_,_,_,_,_,_,_,_,_,_,_,_,_,_,_,_,_,_,_,_,_,_,_,_,_,_,X,X,X,X,X,X,X,X,X,X,X,X,X,X,X,X,X,X,X,X,X,X
X,X,X,X,X,X,X,X,X,X,X,X,X,X,X,X,X,X,X,X,X,X,X,X,X,X,X,X,X,X,X,X,X,X,X,X,X,X,X,X,X,X,X,X,X,X,X,X,X,X,_,_,_,_,_,X,X,X,X,_,_,_,_,_,_,_,_,X,X,_,_,_,_,_,_,_,_,_,_,_,_,_,_,_,_,_,_,_,_,_,_,_,_,_,X,X,X,_,_,_,_,X,X,X,X,X,X,X,X,X,X,X,X,X,X,X,X,X,X,X,X,X,X,X,X,X,X,X,X,X,X,X,X,X,_,_,_,_,_,_,_,_,X,_,X,X,X,X,X,X,X,X,X,X,X,X,X,X,X,X,X,X,X,X,X,X,X,X,X,X,X,X,X,X,X,X,X,X,X,X,X,X,X,X,X,X,X,X,X,X,X,X,_,_,_,_,_,_,_,_,_,_,_,_,_,_,_,_,_,_,_,_,_,_,_,_,_,_,_,_,_,_,_,_,_,_,_,_,_,_,_,_,_,_,X,X,X,X,X,X,X,X,X,X,X,X,X,X,X,X,X,X,X,X,X,X
X,X,X,X,X,X,X,X,X,X,X,X,X,X,X,X,X,X,X,X,X,X,X,X,X,X,X,X,X,X,X,X,X,X,X,X,X,X,X,X,X,X,X,X,X,X,X,X,X,X,X,X,X,X,X,X,X,X,X,X,X,X,X,X,X,X,X,X,X,X,X,X,X,X,X,X,X,X,X,X,X,X,X,X,X,X,X,X,X,X,X,X,X,X,X,X,X,_,_,_,_,X,X,X,X,X,X,X,X,X,X,X,X,X,X,X,X,X,X,X,X,X,X,X,X,X,X,X,X,X,X,X,X,X,_,_,_,_,X,X,X,X,X,X,X,X,X,X,X,X,X,X,X,X,X,X,X,X,X,X,X,X,X,X,X,X,X,X,X,X,X,X,X,X,X,X,X,X,X,X,X,X,X,X,X,X,X,X,X,X,X,X,X,X,X,X,X,X,X,X,X,X,X,X,X,X,X,X,X,X,X,X,X,X,_,_,_,_,X,X,X,X,X,X,X,_,_,_,_,_,_,_,_,_,X,X,X,X,X,X,X,X,X,X,X,X,X,X,X,X,X,X,X,X,X,X
X,X,X,X,X,X,X,X,X,X,X,X,X,X,X,X,X,X,X,X,X,X,X,X,X,X,X,X,X,X,X,X,X,X,X,X,X,X,X,X,X,X,X,X,X,X,X,X,X,X,X,X,X,X,X,X,X,X,X,X,X,X,X,X,X,X,X,X,X,X,X,X,X,X,X,X,X,X,X,X,X,X,X,X,X,X,X,X,X,X,X,X,X,X,X,X,X,_,_,_,_,X,X,X,X,X,X,X,X,X,X,X,X,X,X,X,X,X,X,X,X,X,X,X,X,X,X,X,X,X,X,X,X,X,_,_,_,_,X,X,X,X,X,X,X,X,X,X,X,X,X,X,X,X,X,X,X,X,X,X,X,X,X,X,X,X,X,X,X,X,X,X,X,X,X,X,X,X,X,X,X,X,X,X,X,X,X,X,X,X,X,X,X,X,X,X,X,X,X,X,X,X,X,X,X,X,X,X,X,X,X,X,X,X,_,_,_,_,X,X,X,X,X,X,X,_,_,_,_,_,_,_,_,_,X,X,X,X,X,X,X,X,X,X,X,X,X,X,X,X,X,X,X,X,X,X
X,X,X,X,X,X,X,X,X,X,X,X,X,X,X,X,X,X,X,X,X,X,X,X,X,X,X,X,X,X,X,X,X,X,X,X,X,X,X,X,X,_,_,X,X,X,X,X,X,X,X,X,X,X,X,X,X,X,X,X,X,X,X,X,X,X,_,_,_,_,_,_,_,_,_,_,_,_,X,X,X,X,X,X,X,X,X,X,X,X,X,X,X,X,X,X,X,_,_,_,_,X,X,X,X,X,X,X,X,X,X,X,X,X,_,_,_,_,_,_,_,_,_,_,_,_,X,X,X,X,X,X,X,X,_,_,_,_,X,_,_,_,_,X,X,X,_,_,_,_,_,_,_,_,_,_,_,_,X,X,X,X,X,X,X,X,X,X,X,X,X,X,X,X,X,X,X,X,X,X,X,X,X,X,X,X,X,X,X,X,X,X,X,X,X,_,_,_,_,_,_,_,_,_,_,_,X,X,X,_,_,_,_,_,_,_,_,_,_,_,_,_,_,X,X,_,_,_,_,_,_,_,_,_,X,X,X,X,X,X,X,X,X,X,X,X,X,X,X,X,X,X,X,X,X,X
X,X,X,X,X,X,X,X,X,X,X,X,X,X,X,X,X,X,X,X,X,X,X,X,X,X,X,X,X,X,X,X,X,X,_,_,X,X,X,X,_,_,_,_,X,X,X,X,X,X,X,X,X,X,X,X,X,X,X,X,X,X,X,X,X,_,_,_,_,_,_,_,_,_,_,_,_,_,_,X,X,X,X,X,X,X,X,X,X,X,X,X,X,X,X,X,X,_,_,_,_,X,X,X,X,X,X,X,X,X,X,X,X,_,_,_,_,_,_,_,_,_,_,_,_,_,_,X,X,X,X,X,X,X,_,_,_,_,_,_,_,_,_,_,X,_,_,_,_,_,_,_,_,_,_,_,_,_,_,X,X,X,X,X,X,X,X,X,X,X,X,X,X,X,X,X,X,X,X,X,X,X,X,X,X,X,X,X,X,X,X,X,X,X,_,_,_,_,_,_,_,_,_,_,_,_,_,X,_,_,_,_,_,_,_,_,_,_,_,_,_,_,_,_,X,_,_,_,_,_,_,_,_,_,X,X,X,X,X,X,X,X,X,X,X,X,X,X,X,X,X,X,X,X,X,X
X,X,X,X,X,X,X,X,X,X,X,X,X,X,X,X,X,X,X,X,X,X,X,X,X,X,X,X,X,X,X,X,_,_,_,_,_,X,X,X,_,_,_,_,_,X,X,X,X,X,X,X,X,X,X,X,X,X,X,X,X,X,X,X,_,_,_,_,_,_,_,_,_,_,_,_,_,_,_,X,X,X,X,X,_,_,_,_,_,_,_,_,_,_,_,_,_,_,_,_,_,_,_,_,_,X,X,X,X,X,X,X,X,_,_,_,_,_,_,_,_,_,_,_,_,_,_,X,X,X,X,X,X,X,_,_,_,_,_,_,_,_,_,_,_,_,_,_,_,_,_,_,_,_,_,_,_,_,_,_,X,X,X,X,X,X,X,X,X,X,X,X,X,X,X,X,X,X,X,X,X,X,X,X,X,X,X,X,X,X,X,X,X,_,_,_,_,_,_,_,_,_,_,_,_,_,_,_,_,_,_,_,_,_,_,_,_,_,_,_,_,_,_,_,X,_,_,_,_,_,_,_,_,_,X,X,X,X,X,X,X,X,X,X,X,X,_,X,X,X,X,X,X,X,X,X
X,X,X,X,X,X,X,X,X,X,X,X,X,X,X,X,X,X,X,X,X,X,X,X,X,X,X,X,X,X,X,_,_,_,_,_,_,_,_,_,_,_,_,_,_,_,_,_,_,_,X,X,X,X,X,X,X,X,X,X,X,X,X,X,_,_,_,_,_,_,_,_,_,_,_,_,_,_,_,_,X,X,X,_,_,_,_,_,_,_,_,_,_,_,_,_,_,_,_,_,_,_,_,_,_,_,X,X,X,X,X,X,X,_,_,_,_,_,_,C,_,_,_,_,_,_,_,_,_,_,_,_,_,_,_,_,_,_,_,_,_,_,_,_,_,_,_,_,_,_,X,X,X,X,_,_,_,_,_,_,X,X,X,X,X,X,X,X,X,X,X,X,X,X,X,X,X,X,X,X,X,X,X,X,X,X,X,X,X,X,X,X,_,_,_,_,_,_,_,C,_,_,_,_,_,_,_,_,_,_,_,_,_,_,_,_,_,_,_,_,_,_,_,_,X,_,_,_,_,_,_,_,_,_,_,_,_,_,_,_,_,_,_,_,_,_,_,_,X,X,X,X,X,X,X,X
X,X,X,X,X,X,X,X,X,X,X,X,X,X,X,X,X,X,X,X,X,X,X,X,X,X,X,X,X,X,X,_,_,_,_,_,_,_,_,_,_,_,_,_,_,_,_,_,_,_,_,X,X,X,X,X,X,X,X,X,X,X,X,X,_,_,_,_,_,_,_,_,_,_,_,_,_,_,_,_,X,X,X,_,_,_,_,_,_,_,_,_,_,_,_,_,_,_,_,_,_,_,_,_,_,_,X,X,X,X,X,X,X,_,_,_,_,_,_,_,_,_,_,_,_,_,_,_,_,_,_,_,_,_,_,_,_,_,_,_,_,_,_,_,_,_,_,_,_,_,X,X,X,X,_,_,_,_,_,_,X,X,X,X,X,X,X,X,X,X,X,X,X,X,X,X,X,X,X,X,X,X,X,X,X,X,X,X,X,X,X,X,_,_,_,_,_,_,_,_,_,_,_,_,_,_,_,_,_,_,_,_,_,_,_,_,_,_,_,_,_,_,_,_,X,_,_,_,_,_,_,_,_,_,_,_,_,_,_,_,_,_,_,_,_,_,_,_,_,X,X,X,X,X,X,X
X,X,X,X,X,X,X,X,X,X,X,X,X,X,X,X,X,X,X,X,X,X,X,X,X,X,X,X,X,X,X,_,_,_,_,_,_,_,_,_,_,_,_,_,_,_,_,_,_,_,X,X,X,X,X,X,X,X,X,X,X,X,X,X,_,_,_,_,_,_,_,_,_,_,_,_,_,_,_,X,X,X,X,X,_,_,_,_,_,_,_,_,_,_,_,_,_,_,_,_,_,_,_,_,_,X,X,X,X,X,X,X,X,_,_,_,_,_,_,_,_,_,_,_,_,_,_,_,_,_,_,_,_,_,_,_,_,_,_,_,_,_,_,_,_,_,_,_,_,_,_,_,_,_,_,_,_,_,_,_,X,X,X,X,X,X,X,X,X,X,X,X,X,X,X,X,X,X,X,X,X,X,X,X,X,X,X,X,X,X,X,X,_,_,_,_,_,_,_,_,_,_,_,_,_,_,_,_,_,_,_,_,_,_,_,_,_,_,_,_,_,_,_,_,X,_,_,_,_,_,_,_,_,_,_,_,_,_,_,_,_,_,_,_,_,_,_,_,_,_,X,X,X,X,X,X
X,X,X,X,X,X,X,X,X,X,X,X,X,X,X,X,X,X,X,X,X,X,X,X,X,X,X,X,X,X,X,X,_,_,_,_,_,_,_,_,_,_,_,_,_,_,X,X,X,X,X,X,X,X,X,X,X,X,X,X,X,X,X,X,_,_,_,_,_,_,_,_,_,_,X,X,X,X,X,X,X,X,X,X,X,X,X,X,X,X,X,X,X,X,X,X,X,X,X,X,X,X,X,X,X,X,X,X,X,X,X,X,X,_,_,_,_,_,_,_,_,_,_,_,_,_,_,X,X,X,X,X,X,X,_,_,_,_,_,_,_,_,_,_,_,_,_,_,_,_,_,_,_,_,_,_,_,_,_,_,X,X,X,X,X,X,X,X,X,X,X,X,X,X,X,X,X,X,X,X,X,X,X,X,X,X,X,X,X,X,X,X,X,_,_,_,_,_,_,_,_,_,_,_,_,_,_,_,_,_,_,_,_,_,_,_,_,_,_,_,_,_,_,_,X,_,_,_,_,_,_,_,_,_,_,_,_,_,_,_,_,_,_,_,_,_,_,_,_,_,X,X,X,X,X,X
X,X,X,X,X,X,X,X,X,X,X,X,X,X,X,X,X,X,X,X,X,X,X,X,X,X,X,X,X,X,X,X,X,X,_,_,_,_,_,_,_,_,_,_,_,_,X,X,X,X,X,X,X,X,X,X,X,X,X,X,X,X,X,X,X,_,_,_,_,_,_,_,_,_,X,X,X,X,X,X,X,X,X,X,X,X,X,X,X,X,X,X,X,X,X,X,X,X,X,X,X,X,X,X,X,X,X,X,X,X,X,X,X,_,_,_,_,_,_,_,_,_,_,_,_,_,_,X,X,X,X,X,X,X,_,_,_,_,_,_,_,_,_,_,X,_,_,_,_,_,_,_,_,_,_,_,_,_,_,X,X,X,X,X,X,X,X,X,X,X,X,X,X,X,X,X,X,X,X,X,X,X,X,X,X,X,X,X,X,X,X,X,X,X,_,_,_,_,_,_,_,_,_,_,_,_,_,X,_,_,_,_,_,_,_,_,_,_,_,_,_,_,_,_,X,X,_,_,_,_,_,_,_,_,_,_,_,_,_,_,_,_,_,_,_,_,_,_,_,_,X,X,X,X,X,X
X,X,X,X,X,X,X,X,X,X,X,X,X,X,X,X,X,X,X,X,X,X,X,X,X,X,X,X,X,X,X,X,X,X,X,_,_,_,_,_,_,_,_,_,_,X,X,X,X,X,X,X,X,X,X,X,X,X,X,X,X,X,X,X,X,X,_,_,_,_,_,_,_,_,X,X,X,X,X,X,X,X,X,X,X,X,X,X,X,X,X,X,X,X,X,X,X,X,X,X,X,X,X,X,X,X,X,X,X,X,X,X,X,X,_,_,_,_,_,_,_,_,_,_,_,_,X,X,X,X,X,X,X,X,_,_,_,_,X,_,_,_,_,X,X,X,_,_,_,_,_,_,_,_,_,_,_,_,X,X,X,X,X,X,X,X,X,X,X,X,X,X,X,X,X,X,X,X,X,X,X,X,X,X,X,X,X,X,X,X,X,X,X,X,X,_,_,_,_,_,_,_,_,_,_,_,X,X,_,_,_,_,_,_,_,_,_,_,_,_,_,_,_,_,X,X,X,_,_,_,_,_,_,_,_,_,_,_,_,_,_,_,_,_,_,_,_,_,_,_,X,X,X,X,X,X
X,X,X,X,X,X,X,X,X,X,X,X,X,X,X,X,X,X,X,X,X,X,X,X,X,X,X,X,X,X,X,X,X,X,X,X,X,X,X,X,X,X,X,X,X,X,X,X,X,X,X,X,X,X,X,X,X,X,X,X,X,X,X,X,X,X,X,X,X,X,X,_,_,_,X,X,X,X,X,X,X,X,X,X,X,X,X,X,X,X,X,X,X,X,X,X,X,X,X,X,X,X,X,X,X,X,X,X,X,X,X,X,X,X,X,X,X,X,X,X,X,X,X,X,X,X,X,X,X,X,X,X,X,X,_,_,_,_,X,X,X,X,X,X,X,X,X,X,X,X,_,_,_,_,X,X,X,X,X,X,X,X,X,X,X,X,X,_,_,X,X,X,X,X,X,X,X,X,X,X,X,X,X,X,X,X,X,X,_,_,X,X,X,X,X,X,X,X,X,X,X,X,X,X,X,X,X,X,_,_,_,_,_,_,_,_,_,_,_,_,_,_,_,_,X,X,X,X,X,X,X,X,X,X,X,X,X,X,X,X,X,X,X,X,_,_,_,_,_,_,X,X,X,X,X,X
X,X,X,X,X,X,X,X,X,X,X,X,X,X,X,X,X,X,X,X,X,X,X,X,X,X,X,X,X,X,X,X,X,X,X,X,X,X,X,X,X,X,X,X,X,X,X,X,X,X,X,X,X,X,X,X,X,X,X,X,X,X,X,X,X,X,X,X,_,X,X,_,_,_,X,X,X,X,X,X,X,X,X,X,X,X,X,X,X,X,X,X,X,X,X,X,X,X,X,X,X,X,X,X,X,X,X,X,X,X,X,X,X,X,X,X,X,X,X,X,X,X,X,X,X,X,X,X,X,X,X,X,X,X,_,_,_,_,X,X,X,X,X,X,X,X,X,X,X,X,_,_,_,_,X,X,X,X,X,X,X,X,X,X,X,X,_,_,_,_,X,_,X,X,X,X,X,X,X,X,X,X,X,X,X,X,X,_,_,_,_,X,X,X,X,X,X,X,X,X,X,X,X,X,X,X,X,X,_,_,_,_,_,_,_,_,_,_,_,_,_,_,_,_,X,X,X,X,X,X,X,X,X,X,X,X,X,X,X,X,X,X,X,X,_,_,_,_,_,_,X,X,X,X,X,X
X,X,X,X,X,X,X,X,X,X,X,X,X,X,X,X,X,X,X,X,X,X,X,X,X,X,X,X,X,X,X,X,X,X,_,_,_,_,_,_,_,_,_,_,_,_,X,X,X,X,_,_,_,_,_,_,_,_,_,_,_,_,X,X,X,X,_,_,C,_,_,_,_,_,X,X,X,X,X,X,X,X,_,_,_,_,_,_,_,_,_,_,_,_,X,X,X,X,X,X,X,X,X,X,X,X,X,X,X,X,X,X,X,X,X,X,X,X,X,X,X,X,X,X,X,X,X,X,X,X,X,X,X,X,_,_,_,_,_,_,_,X,X,X,X,X,_,_,_,X,_,_,_,_,X,X,X,X,X,X,X,X,X,_,_,_,_,_,_,_,_,C,_,X,X,X,X,_,_,_,_,_,_,_,_,_,X,_,_,_,_,X,X,X,_,_,_,_,X,X,X,X,X,_,_,X,X,X,_,_,_,_,_,_,_,_,_,_,_,_,_,_,_,_,X,X,_,_,_,_,_,_,_,_,_,_,_,_,X,X,X,X,X,X,_,_,_,_,_,_,X,X,X,X,X,X
X,X,X,X,X,X,X,X,X,X,X,X,X,X,X,X,X,X,X,X,X,X,X,X,X,X,X,X,X,X,X,X,X,_,_,_,_,_,_,_,_,_,_,_,_,_,_,X,X,_,_,_,_,_,_,_,_,_,_,_,_,_,_,X,X,_,_,_,_,_,_,_,_,_,X,X,X,X,X,X,X,_,_,_,_,_,_,_,_,_,_,_,_,_,_,X,X,X,X,X,X,X,X,X,X,X,X,X,X,X,X,X,X,X,X,X,X,X,X,X,X,X,X,X,X,X,X,X,X,X,X,X,X,X,_,_,_,_,_,_,_,_,X,X,X,_,_,_,_,_,_,_,_,_,X,X,X,X,X,X,X,X,_,_,_,_,_,_,_,_,_,_,_,_,X,X,_,_,_,_,_,_,_,_,_,_,_,_,_,_,_,X,X,_,_,_,_,_,_,X,X,X,_,_,_,_,X,X,_,_,_,_,_,_,_,_,_,_,_,_,_,_,_,_,X,_,_,_,_,_,_,_,_,_,_,_,_,_,_,X,X,X,X,_,_,_,_,_,_,_,X,X,X,X,X,X
X,X,X,X,X,X,X,X,X,X,X,X,X,X,X,X,X,X,X,X,X,X,X,X,X,X,X,X,X,X,X,X,_,_,_,_,_,_,_,_,_,_,_,_,_,_,_,_,_,_,_,_,_,_,_,_,_,_,_,_,_,_,_,_,_,_,_,_,_,_,_,_,_,_,X,X,X,X,X,X,X,_,_,_,_,_,_,_,_,_,_,_,_,_,_,X,X,X,X,X,X,X,X,X,X,X,X,X,X,X,X,X,X,X,X,X,X,X,X,X,X,X,X,X,X,X,X,X,X,X,X,X,X,X,_,_,_,_,_,_,_,_,X,X,X,_,_,_,_,_,_,_,_,_,_,_,_,_,_,_,_,_,_,_,_,_,_,_,_,_,_,_,_,_,_,_,_,_,_,_,_,_,_,_,_,_,_,_,_,_,_,X,X,_,_,_,_,_,_,X,X,X,_,_,_,_,X,X,_,_,_,_,_,_,_,_,_,_,_,_,_,_,_,_,_,_,_,_,_,_,_,_,_,_,_,_,_,_,_,_,X,X,X,_,_,_,_,_,_,_,X,X,X,X,X,X
X,X,X,X,X,X,X,X,X,X,X,X,X,X,X,X,X,X,X,X,X,X,X,X,X,X,X,X,X,X,X,X,_,_,_,_,_,_,X,X,X,X,_,_,_,_,_,_,_,_,_,_,_,_,X,X,X,X,_,_,_,_,_,_,_,_,_,_,_,_,_,_,_,_,X,X,X,X,X,X,X,_,_,_,_,_,_,_,C,_,_,_,_,_,_,X,X,X,X,X,X,X,X,X,_,_,_,_,_,_,_,_,_,_,_,_,_,_,_,_,_,_,_,_,_,_,_,_,_,_,_,_,_,_,_,_,_,_,_,_,_,_,X,X,X,_,_,_,_,_,_,_,_,_,_,_,_,_,_,_,_,_,_,_,_,_,_,_,_,_,_,_,_,_,_,_,_,_,_,_,_,_,_,_,_,_,_,_,_,_,_,X,_,_,_,_,_,_,_,_,_,_,_,_,_,_,_,_,_,_,_,_,_,_,_,_,_,_,_,_,_,_,_,_,_,_,_,_,_,_,_,_,_,_,_,_,_,_,_,_,X,X,X,_,_,_,_,_,_,_,_,X,_,X,X,X
X,X,X,X,X,X,X,X,X,X,X,X,X,X,X,X,X,X,X,X,X,X,X,X,X,X,X,X,X,X,X,X,_,_,_,_,_,_,X,X,X,X,_,_,_,_,_,_,_,_,_,_,_,_,X,X,X,X,_,_,_,_,_,_,_,_,_,_,_,_,_,_,_,_,X,X,X,X,X,X,X,_,_,_,_,_,_,_,_,_,_,_,_,_,_,X,X,X,X,X,X,X,X,_,_,_,_,_,_,_,_,_,_,_,_,_,_,_,_,_,_,_,_,_,_,_,_,_,_,_,_,_,_,_,_,_,_,_,_,_,_,_,X,X,X,_,_,_,_,_,_,_,_,_,_,_,_,_,_,_,_,_,_,_,_,_,_,_,_,_,_,_,_,_,_,_,_,_,_,_,_,_,_,_,_,_,_,_,_,_,_,X,_,_,_,_,_,_,_,_,_,_,_,_,_,_,_,_,_,_,_,_,_,_,_,_,_,_,_,_,_,_,_,_,_,_,_,_,_,_,_,_,_,_,_,_,_,_,_,_,X,X,_,_,_,_,_,_,_,_,X,_,X,_,X,X
X,X,X,X,X,X,X,X,X,X,X,X,X,X,X,X,X,X,X,X,X,X,X,X,X,X,X,X,X,X,X,X,_,_,_,_,_,_,_,_,_,_,_,_,_,_,_,_,_,_,_,_,_,_,_,_,_,_,_,_,_,_,_,_,_,_,_,_,_,_,_,_,_,_,X,X,X,X,X,X,X,_,_,_,_,_,_,_,_,_,_,_,_,_,_,X,X,X,X,X,X,X,_,_,_,_,_,_,_,_,_,_,_,_,_,_,_,_,_,_,_,_,_,_,_,_,_,_,_,_,_,_,_,_,_,_,_,_,_,_,_,_,X,X,X,_,_,_,_,_,_,_,_,_,_,_,_,_,_,_,_,_,_,_,_,_,_,_,_,_,_,_,_,_,_,_,_,_,_,_,_,_,_,_,_,_,_,_,_,_,_,X,_,_,_,_,_,_,_,_,_,_,_,_,_,_,_,_,_,_,_,_,_,_,_,_,_,_,_,_,_,_,_,_,_,_,_,_,_,_,_,_,_,_,_,_,_,_,_,_,X,_,_,_,_,_,_,_,_,_,_,X,_,X,X,X
X,X,X,X,X,X,X,X,X,X,X,X,X,X,X,X,X,X,X,X,X,X,X,X,X,X,X,X,X,X,X,X,_,_,_,_,_,_,_,_,_,_,_,_,_,_,_,_,_,_,_,_,_,_,_,_,_,_,_,_,_,_,_,_,_,_,_,_,_,_,_,_,_,_,X,X,X,X,X,X,X,_,_,_,_,_,_,_,_,_,_,_,_,_,_,X,X,X,X,X,X,X,_,_,_,_,_,_,_,_,_,_,_,_,_,_,_,_,_,_,_,_,_,_,_,_,_,_,_,_,_,_,_,_,_,_,_,_,_,_,_,_,X,X,X,_,_,_,_,_,_,_,_,_,_,_,_,_,_,_,_,_,_,_,_,_,_,_,_,_,_,_,_,_,_,_,_,_,_,_,_,_,_,_,_,_,_,_,_,_,_,X,X,_,_,_,_,_,_,_,_,_,_,_,_,_,X,X,_,_,_,_,_,_,_,_,_,_,_,_,_,_,_,_,_,_,_,_,_,_,_,_,_,_,_,_,_,_,_,_,X,_,_,_,_,_,_,_,_,_,X,X,X,X,X,X
X,X,X,X,X,X,X,X,X,X,X,X,X,X,X,X,X,X,X,X,X,X,X,X,X,X,X,X,X,X,X,X,X,_,_,_,_,_,_,_,_,_,_,_,_,_,_,X,X,_,_,_,_,_,_,_,_,_,_,_,_,_,_,X,X,_,_,_,_,_,_,_,_,_,X,X,X,X,X,X,X,_,_,_,_,_,_,_,_,_,_,_,_,_,_,X,X,X,X,X,X,X,_,_,_,_,X,X,X,X,X,X,X,X,X,X,X,X,X,X,X,X,X,X,X,X,X,X,X,X,_,_,_,_,_,_,_,_,_,_,_,_,X,X,X,_,_,_,_,_,_,_,_,_,X,X,X,X,X,X,X,X,_,_,_,_,_,_,_,_,_,_,_,_,X,X,_,_,_,_,_,_,_,_,_,_,_,_,_,_,_,X,X,_,_,_,_,_,_,_,_,_,_,_,_,_,X,X,_,_,_,_,_,_,_,_,_,_,_,_,_,_,_,_,X,_,_,_,_,_,_,_,_,_,_,_,_,_,_,X,X,X,_,_,_,_,_,_,_,_,X,X,X,X,X,X
X,X,X,X,X,X,X,X,X,X,X,X,X,X,X,X,X,X,X,X,X,X,X,X,X,X,X,X,X,X,X,X,X,X,_,_,_,_,_,_,_,_,_,_,_,_,X,X,X,X,_,_,_,_,_,_,_,_,_,_,_,_,X,X,X,X,_,_,_,_,_,_,_,_,X,X,X,X,X,X,X,X,_,_,_,_,_,_,_,_,_,_,_,_,X,X,X,X,X,X,X,X,_,_,_,_,X,X,X,X,X,X,X,X,X,X,X,X,X,X,X,X,X,X,X,X,X,X,X,X,X,_,_,_,_,_,_,_,_,_,_,X,X,X,X,X,_,_,_,X,_,_,_,_,X,X,X,X,X,X,X,X,X,_,_,_,_,_,_,_,_,_,_,X,X,X,_,_,_,_,_,_,_,_,_,_,_,_,_,_,_,X,X,X,_,_,_,_,_,_,_,_,_,_,_,X,X,X,X,_,_,_,_,_,_,_,_,_,_,_,_,_,_,X,X,X,_,_,_,_,_,_,_,_,_,_,_,_,X,X,X,X,X,_,_,_,_,_,_,_,X,X,X,X,X,X
X,X,X,X,X,X,X,X,X,X,X,X,X,X,X,X,X,X,X,X,X,X,X,X,X,X,X,X,X,X,X,X,X,X,X,X,X,X,_,_,_,_,X,X,X,X,X,X,X,X,X,X,X,X,_,_,_,_,X,X,X,X,X,X,X,X,X,X,X,X,_,_,_,_,X,X,X,X,X,X,X,X,X,X,X,X,X,X,X,X,X,X,X,X,X,X,X,X,X,X,X,X,_,_,_,_,X,X,X,X,X,X,X,X,X,X,X,X,X,X,X,X,X,X,X,X,X,X,X,X,X,X,X,X,_,_,_,_,X,X,X,X,X,X,X,X,X,X,X,X,_,_,_,_,X,X,X,X,X,X,X,X,X,X,X,X,X,X,X,X,X,X,X,X,X,X,_,_,_,_,_,_,_,_,_,_,_,_,_,_,_,X,X,X,X,X,X,X,X,X,X,X,X,X,X,X,X,X,X,X,_,_,_,X,X,X,X,X,X,_,_,_,X,X,X,X,X,X,X,X,X,X,X,X,X,X,X,X,X,X,X,X,X,X,_,_,_,_,_,_,X,X,X,X,X,X
X,X,X,X,X,X,X,X,X,X,X,X,X,X,X,X,X,X,X,X,X,X,X,X,X,X,X,X,X,X,X,X,X,X,X,X,X,X,_,_,_,_,X,X,X,X,X,X,X,X,X,X,X,X,_,_,_,_,X,X,X,X,X,X,X,X,X,X,X,X,_,_,_,_,X,X,X,X,X,X,X,X,X,X,X,X,X,X,X,X,X,X,X,X,X,X,X,X,X,X,X,X,_,_,_,_,X,X,X,X,X,X,X,X,X,X,X,X,X,X,X,X,X,X,X,X,X,X,X,X,X,X,X,X,_,_,_,_,X,X,X,X,X,X,X,X,X,X,X,X,_,_,_,_,X,X,X,X,X,X,X,X,X,X,X,X,X,X,X,X,X,X,X,X,X,X,_,_,_,_,_,_,_,_,_,_,_,_,_,_,_,X,X,X,X,X,X,X,X,X,X,X,X,X,X,X,X,X,X,X,_,_,_,X,X,X,X,X,X,_,_,_,X,X,X,X,X,X,X,X,X,_,X,X,X,X,X,X,X,X,X,X,X,X,_,_,_,_,_,_,X,X,X,X,X,X
X,X,X,X,X,X,X,X,X,X,X,X,X,X,X,X,X,X,_,_,_,_,_,_,_,_,_,_,X,X,X,X,X,X,_,_,_,_,_,_,_,_,_,_,_,_,_,_,_,_,_,_,_,_,_,_,_,_,_,_,_,_,X,X,X,X,_,_,_,_,_,_,_,_,X,X,X,X,X,X,X,X,X,X,X,X,X,X,X,X,X,X,X,X,X,X,X,X,X,X,X,X,_,_,_,_,_,_,_,_,_,_,_,_,_,_,_,_,_,_,_,_,_,_,_,_,_,_,_,_,_,_,_,_,_,_,_,_,_,_,_,_,_,X,X,X,X,X,X,X,_,_,_,_,X,X,X,X,X,X,X,X,X,_,_,_,_,_,_,_,_,_,_,_,_,_,_,_,_,_,_,_,_,_,_,_,_,_,_,_,_,_,_,_,_,_,_,_,_,_,_,_,_,_,_,X,X,X,X,X,_,_,_,X,X,X,X,X,X,_,_,_,X,X,X,X,_,_,_,_,_,C,_,X,X,X,_,_,X,X,X,X,X,X,_,_,_,_,_,_,X,X,X,X,X,X
X,X,X,X,X,X,X,X,X,X,X,X,X,X,X,X,X,_,_,_,_,_,_,_,_,_,_,_,_,X,X,X,X,_,_,_,_,_,_,_,_,_,_,_,_,_,_,_,_,_,_,_,_,_,_,_,_,_,_,_,_,_,_,X,X,_,_,_,_,_,_,_,_,_,X,X,X,X,X,X,X,X,X,X,X,X,X,X,X,X,X,X,X,X,X,X,X,X,X,X,X,X,_,_,_,_,_,_,_,_,_,_,_,_,_,_,_,_,_,_,_,_,_,_,_,_,_,_,_,_,_,_,_,_,_,_,_,_,_,_,_,_,_,_,X,X,X,X,X,X,_,_,_,_,X,X,X,X,X,X,X,X,_,_,_,_,_,_,_,_,_,_,_,_,_,_,_,_,_,_,_,_,_,_,_,_,_,_,_,_,_,_,_,_,_,_,_,_,_,_,_,_,_,_,_,_,X,X,X,X,_,_,_,X,X,X,X,X,X,_,_,_,X,X,X,_,_,_,_,_,_,_,_,X,X,_,_,_,_,X,X,X,X,_,_,_,_,_,_,_,X,X,X,X,X,X
X,X,X,X,X,X,X,X,X,X,X,X,X,X,X,X,_,_,_,_,_,_,_,_,_,_,_,_,_,_,_,_,_,_,_,_,_,_,_,_,_,_,_,_,_,_,_,_,_,_,_,_,_,_,_,_,_,_,_,_,_,_,_,_,_,_,_,_,_,_,_,_,_,_,X,X,X,X,X,X,X,X,X,X,X,X,X,X,X,X,X,X,X,X,X,X,X,X,X,X,X,X,_,_,_,_,_,_,_,_,_,_,_,_,_,_,_,_,_,_,_,_,_,_,_,_,_,_,_,_,_,_,_,_,_,_,_,_,_,_,_,_,_,_,_,_,_,_,_,_,_,_,_,_,_,_,_,_,_,_,_,_,_,_,_,_,_,_,_,_,_,_,_,_,_,_,_,_,_,_,_,_,_,_,_,_,_,_,_,_,_,_,_,_,_,_,_,_,_,_,_,_,_,_,_,_,_,_,_,_,_,_,_,_,_,_,_,_,_,_,_,_,_,_,_,_,_,_,_,_,_,_,_,_,_,_,_,_,_,_,X,X,X,_,_,_,_,_,_,_,X,X,X,X,X,X
X,X,X,X,X,X,X,X,X,X,X,X,X,X,X,X,_,_,_,_,_,_,_,_,_,_,_,_,_,_,_,_,_,_,_,_,_,X,X,X,X,X,X,X,X,X,X,X,X,_,_,_,_,_,_,_,_,_,_,_,_,_,_,_,_,_,_,_,_,_,_,_,_,_,_,_,_,_,_,_,_,_,_,_,X,X,X,X,_,_,_,_,_,_,_,_,_,_,_,_,_,_,_,_,_,_,_,_,_,_,_,_,_,_,_,_,_,_,_,_,_,_,_,_,_,_,_,_,_,_,_,_,_,_,_,_,_,_,_,_,_,_,_,_,_,_,_,_,_,_,_,_,_,_,_,_,_,_,_,_,_,_,_,_,_,_,_,_,_,_,_,_,_,_,_,_,_,_,_,_,_,_,_,_,_,_,_,_,_,_,_,_,X,X,X,X,X,X,X,X,X,X,X,_,_,_,_,_,_,_,_,_,_,_,_,_,_,_,_,_,_,_,_,_,_,_,_,_,_,_,_,_,_,_,_,_,_,_,_,_,X,X,X,_,_,_,_,_,_,_,_,X,_,X,X,X
X,X,X,X,X,X,X,X,X,X,X,X,X,X,X,X,_,_,_,_,_,_,_,_,_,_,_,_,_,_,_,_,_,_,_,_,_,X,X,X,X,X,X,X,X,X,X,X,X,_,_,_,_,_,_,_,_,_,_,_,_,_,_,_,_,_,_,_,_,_,_,_,_,_,_,_,_,_,_,_,_,_,_,_,_,X,X,_,_,_,_,_,_,_,_,_,_,_,_,_,_,_,_,_,_,_,_,_,_,_,_,_,_,_,_,_,_,_,_,_,_,_,_,_,_,_,_,_,_,_,_,_,_,_,_,_,_,_,_,_,_,_,_,_,_,_,_,_,_,_,_,_,_,_,_,_,_,_,_,_,_,_,_,_,_,_,_,_,_,_,_,_,_,_,_,_,_,_,_,_,_,_,_,_,_,_,_,_,_,_,_,_,X,X,X,X,X,X,X,X,X,X,X,_,_,_,_,_,_,_,_,_,_,_,_,_,_,_,_,_,_,_,_,_,_,_,_,_,_,_,_,_,_,_,_,_,_,_,_,_,X,X,_,_,_,_,_,_,_,_,X,_,X,_,X,X
X,X,X,X,X,X,X,X,X,X,X,X,X,X,X,X,_,_,_,_,_,_,_,_,_,_,_,_,_,_,_,_,_,_,_,_,_,X,X,X,X,X,X,X,X,X,X,X,X,_,_,_,_,_,_,_,_,_,_,_,_,_,_,_,_,_,_,_,_,_,_,_,_,_,_,_,_,_,_,_,_,_,_,_,_,_,_,_,_,_,_,_,_,_,_,_,_,_,_,_,_,_,_,_,_,_,_,_,_,_,_,_,_,_,_,_,_,_,_,_,_,_,_,_,_,_,_,_,_,_,_,_,_,_,_,_,_,_,_,_,_,_,_,_,_,_,_,_,_,_,_,_,_,_,_,_,_,_,_,_,_,_,_,_,_,_,_,_,_,_,_,_,_,_,_,_,_,_,_,_,_,_,_,_,_,_,_,_,_,_,_,_,X,X,X,X,X,X,X,X,X,X,X,_,_,_,_,_,_,_,_,_,_,_,_,_,_,_,_,_,_,_,_,_,_,_,_,_,_,_,_,_,_,_,_,_,_,_,_,_,X,_,_,_,_,_,_,_,_,_,_,X,_,X,X,X
X,X,X,X,X,X,X,X,X,X,X,X,X,X,X,X,_,_,_,_,_,_,_,_,_,_,_,_,_,_,_,_,_,_,_,_,_,_,_,_,_,_,_,_,_,_,_,_,_,_,_,_,_,_,_,_,_,_,_,_,_,_,_,_,_,_,_,_,_,_,_,_,_,_,_,_,_,_,_,X,X,_,_,_,_,_,_,_,_,_,_,_,_,_,_,X,X,X,_,_,_,_,_,_,_,_,_,_,_,_,_,_,_,_,_,_,_,_,_,_,_,_,_,_,_,_,_,_,_,_,_,_,_,_,_,_,_,_,_,_,_,_,_,_,_,_,_,_,_,_,_,_,_,_,X,X,X,X,X,X,X,X,X,X,X,X,_,_,_,_,_,_,_,_,_,_,_,_,_,_,_,_,_,_,_,_,_,_,_,_,_,_,_,_,_,_,_,X,X,X,X,X,X,_,_,_,_,_,_,_,_,_,_,_,_,_,_,_,_,_,_,_,_,_,_,_,_,_,_,_,_,_,_,_,_,_,_,_,_,_,X,_,_,_,_,_,_,_,_,_,X,X,X,X,X,X
X,X,X,X,X,X,X,X,X,X,X,X,X,X,X,X,X,_,_,_,_,_,_,_,_,_,_,_,_,X,X,X,X,_,_,_,_,_,_,_,_,_,_,_,_,_,_,_,_,_,_,_,_,_,_,_,_,_,_,_,_,_,_,X,X,_,_,_,_,_,_,_,_,_,_,_,_,_,_,X,X,_,_,_,_,_,_,_,_,_,_,_,_,_,_,X,X,X,_,_,_,_,_,_,_,_,_,_,_,_,_,_,_,_,_,_,_,_,_,_,_,_,_,_,_,_,_,_,_,_,_,_,_,_,_,_,_,_,_,_,_,_,_,_,X,X,X,X,X,X,_,_,_,_,X,X,X,X,X,X,X,X,X,X,X,X,_,_,_,_,_,_,_,_,_,_,_,_,_,_,_,_,_,_,_,_,_,_,_,_,_,_,_,_,_,_,_,_,X,X,X,X,X,_,_,_,X,X,X,X,_,_,_,X,X,X,X,X,X,_,_,_,X,X,X,_,_,_,_,_,_,_,_,X,X,_,_,_,_,X,X,X,_,_,_,_,_,_,_,_,X,X,X,X,X,X
X,X,X,X,X,X,X,X,X,X,X,X,X,X,X,X,X,X,_,_,_,_,_,_,_,_,_,_,_,X,X,X,X,X,_,_,_,_,_,_,_,_,_,_,_,_,_,_,_,_,_,_,_,_,_,_,_,_,_,_,_,_,_,X,X,X,_,_,_,_,_,_,_,_,_,_,_,_,_,X,X,_,_,_,_,_,_,_,_,_,_,_,_,_,_,X,X,X,X,_,_,_,_,_,_,_,_,_,_,_,_,_,_,_,_,_,_,_,_,_,_,_,_,_,_,_,_,_,_,_,_,_,_,_,_,_,_,_,_,_,_,_,_,_,X,X,X,X,X,X,_,_,_,_,X,X,X,X,X,X,X,X,X,X,X,X,_,_,_,_,_,_,_,_,_,_,_,_,_,_,_,_,_,_,_,_,_,_,_,_,_,_,_,_,_,_,_,_,X,X,X,X,X,_,_,_,X,X,X,X,_,_,_,X,X,X,X,X,X,_,_,_,X,X,X,X,_,_,_,_,_,_,X,X,X,X,_,_,X,X,X,X,X,_,_,_,_,_,_,_,X,X,X,X,X,X
X,X,_,_,_,_,_,_,_,_,_,_,_,_,X,X,X,X,X,X,X,X,X,X,X,_,_,_,_,X,X,X,X,X,X,X,_,_,_,_,_,_,_,_,_,_,_,X,X,X,X,_,_,_,_,_,_,_,_,_,_,_,_,X,X,X,_,_,_,_,X,X,_,_,_,_,_,_,_,X,X,_,_,_,_,_,_,_,_,_,_,_,_,_,_,X,X,X,X,X,X,X,X,X,X,X,X,X,X,X,X,X,X,X,X,X,X,X,X,X,X,X,X,X,X,X,X,X,X,X,_,_,_,_,_,_,_,_,_,_,_,_,_,_,X,X,X,X,X,X,_,_,_,_,X,X,X,X,X,X,X,X,X,X,X,X,_,_,_,_,_,_,X,_,_,_,_,_,_,_,_,_,_,_,_,_,_,_,_,_,X,X,X,X,X,_,_,_,X,X,X,X,X,_,_,_,X,X,X,X,_,_,_,X,X,X,X,X,X,_,_,_,X,X,X,X,X,X,X,X,X,X,X,X,X,X,X,X,X,X,X,X,X,X,_,_,_,_,_,_,X,X,X,X,X,X
X,_,_,_,_,_,_,_,_,_,_,_,_,_,_,X,X,X,X,X,X,X,X,X,X,_,_,_,_,X,X,X,X,X,X,X,_,_,_,_,_,_,_,_,_,_,_,X,X,X,X,_,_,_,_,_,_,_,_,_,_,_,_,X,X,X,_,_,_,_,X,_,_,_,_,_,_,_,_,X,X,_,_,_,_,_,_,_,_,_,_,_,_,_,_,X,X,X,X,X,X,X,X,_,X,X,X,X,X,X,X,X,X,X,X,X,X,X,X,X,X,X,X,X,X,X,X,X,X,X,_,_,_,_,_,_,_,_,_,_,_,_,_,_,X,X,X,X,X,X,_,_,_,_,X,X,X,X,X,X,X,X,X,X,X,X,_,_,_,_,_,_,X,_,_,_,_,_,_,_,_,_,_,_,_,_,_,_,_,_,X,X,X,X,X,_,_,_,X,X,X,X,X,_,_,_,X,X,X,X,_,_,_,X,X,X,X,X,X,_,_,_,X,X,X,X,X,X,X,X,X,X,X,X,X,X,X,X,X,X,X,X,X,_,_,_,_,_,_,_,X,X,X,X,X,X
X,_,_,_,_,_,_,_,_,_,_,_,_,_,_,X,X,X,X,X,X,X,X,X,X,_,_,_,_,X,X,X,X,X,X,X,_,_,_,_,_,_,_,_,_,_,_,X,X,X,_,_,_,_,_,_,_,_,_,_,_,_,_,X,X,X,_,_,_,_,_,C,_,_,_,_,_,_,_,_,_,_,_,_,_,_,_,_,_,_,_,_,_,_,_,_,_,_,_,_,_,_,_,C,_,_,_,_,_,_,X,X,X,X,_,_,_,_,_,_,_,X,X,_,_,_,X,X,X,X,_,_,_,_,_,_,_,_,_,_,_,_,_,_,X,X,_,_,_,_,_,_,_,_,X,X,X,X,X,X,X,X,X,X,X,X,_,_,_,_,_,_,_,_,_,_,_,_,_,_,_,_,_,_,_,_,_,_,_,_,X,X,X,X,X,_,_,_,X,_,_,_,_,_,_,_,_,_,_,_,_,_,_,_,_,_,_,_,X,_,_,_,X,X,X,X,_,_,_,_,_,_,_,_,_,_,_,_,_,_,_,_,_,C,_,_,_,_,_,_,X,X,X,X,X,X
X,_,_,_,_,_,_,_,_,_,_,_,_,_,_,X,X,X,X,X,X,X,X,X,X,_,_,_,_,X,X,X,X,X,X,X,_,_,_,_,_,_,_,_,_,_,_,_,_,_,_,_,_,_,_,_,_,_,_,_,_,_,_,X,X,X,_,_,_,_,_,_,_,_,_,_,_,_,_,_,_,_,_,_,_,_,_,_,_,_,_,_,_,_,_,_,_,_,_,_,_,_,_,_,_,_,_,_,_,_,_,X,X,_,_,_,_,_,_,_,_,_,_,_,_,_,_,X,X,_,_,_,_,_,_,_,_,_,_,_,_,_,_,_,X,_,_,_,_,_,_,_,_,_,X,X,X,X,X,X,X,X,X,X,X,X,_,_,_,_,_,_,_,_,_,_,_,_,_,_,_,_,_,_,_,_,_,_,_,_,_,X,X,X,X,_,_,_,_,_,_,_,_,_,_,_,_,_,_,_,_,_,_,_,_,_,_,_,_,_,_,_,X,X,X,_,_,_,_,_,_,_,_,_,_,_,_,_,_,_,_,_,_,_,_,_,_,_,_,_,X,X,X,X,X,X
X,_,_,_,_,_,_,_,_,_,_,_,_,_,_,_,_,_,_,_,_,_,_,_,_,_,_,_,_,_,_,_,_,_,_,_,_,_,_,_,_,_,_,_,_,_,_,_,_,_,_,_,_,_,_,_,_,_,_,_,_,_,_,_,_,_,_,_,_,_,_,_,_,_,_,_,_,_,_,_,_,_,_,_,_,_,_,_,_,_,_,_,_,_,_,_,_,_,_,_,_,_,_,_,_,_,_,_,_,_,_,_,_,_,_,_,_,_,_,_,_,_,_,_,_,_,_,_,_,_,_,_,_,_,_,_,_,_,_,_,_,_,_,_,_,_,_,_,_,_,_,_,_,_,X,X,X,X,X,X,X,X,X,X,X,X,_,_,_,_,_,_,_,_,_,_,_,_,_,_,_,_,_,_,_,_,_,_,_,_,_,_,_,_,_,_,_,_,_,_,_,_,_,_,_,_,_,_,_,_,_,_,_,_,_,_,_,_,X,_,_,_,_,_,_,_,_,_,_,_,_,_,_,_,_,_,_,_,_,_,_,_,_,_,_,_,_,_,_,_,X,X,X,X,X,X
X,_,_,_,_,_,_,_,_,_,_,_,_,_,_,_,_,_,_,_,_,_,_,_,_,_,_,_,_,_,_,_,_,_,_,_,_,_,_,_,_,_,_,_,_,_,_,_,_,_,_,_,_,_,_,_,_,_,_,_,_,_,_,_,_,_,_,_,_,_,_,_,_,_,_,_,_,_,_,_,_,_,_,_,_,_,_,_,_,_,_,_,_,_,_,_,_,_,_,_,_,_,_,_,_,_,_,_,_,_,_,_,_,_,_,_,_,_,_,_,_,_,_,_,_,_,_,_,_,_,_,_,_,_,_,_,_,_,_,_,_,_,_,_,_,_,_,_,_,_,_,_,_,_,_,_,_,_,_,_,_,_,_,_,_,_,_,_,_,_,_,_,_,_,_,_,_,_,_,_,_,_,_,_,_,_,_,_,_,_,_,_,_,_,_,_,_,_,_,_,_,_,_,_,_,_,X,X,X,_,_,_,_,X,X,X,X,X,X,_,_,_,_,_,_,_,_,_,_,_,_,_,_,_,_,_,_,_,_,_,_,_,_,_,_,_,_,_,_,_,X,X,X,X,X,X
X,_,_,_,_,_,_,_,_,_,_,_,_,_,_,_,_,_,_,_,_,_,_,_,_,_,_,_,_,_,_,_,_,_,_,_,_,_,_,_,_,_,_,_,_,_,_,_,_,_,_,_,_,_,_,_,_,_,_,_,_,_,_,_,_,_,_,_,_,_,_,_,_,_,_,_,_,_,_,_,_,_,_,_,_,_,_,_,_,_,_,_,_,_,_,_,_,_,_,_,_,_,_,_,_,_,_,_,_,_,_,_,_,_,_,_,_,_,_,_,_,_,_,_,_,_,_,_,_,_,_,_,_,_,_,_,_,_,_,_,_,_,_,_,_,_,_,_,_,_,_,_,_,_,_,_,_,_,_,_,_,_,_,_,_,_,_,_,_,_,_,_,_,_,_,_,_,_,_,_,_,_,_,_,_,_,_,_,_,_,_,_,_,_,_,_,_,_,_,_,_,_,_,_,_,_,X,X,X,_,_,_,_,X,X,X,X,X,X,_,_,_,_,_,_,_,_,_,_,_,_,_,_,_,_,_,_,_,_,_,_,_,_,_,_,_,_,_,_,_,X,X,X,X,X,X
X,_,_,_,_,_,_,_,_,_,_,_,_,_,_,_,_,_,_,_,_,_,_,_,_,_,_,_,_,_,_,_,_,_,_,_,_,_,_,_,_,_,_,_,_,_,_,_,_,_,_,_,_,_,_,_,_,_,_,_,_,_,_,_,_,_,_,_,_,_,_,_,_,_,_,_,_,_,_,_,_,_,_,_,_,_,_,_,_,_,_,_,_,_,_,_,_,_,_,_,_,_,_,_,_,_,_,_,_,_,_,_,_,_,_,_,_,_,_,_,_,_,_,_,_,_,_,_,_,_,_,_,_,_,_,_,_,_,_,_,_,_,_,_,_,_,_,_,_,_,_,_,_,_,_,_,_,_,_,_,_,_,_,_,_,_,_,_,_,_,_,_,_,_,_,_,_,_,_,_,_,_,_,_,_,_,_,_,_,_,_,_,_,_,_,_,_,_,_,_,_,_,_,_,_,_,X,X,X,_,_,_,_,X,X,X,X,X,X,_,_,_,_,_,_,_,_,_,_,_,_,_,_,_,_,_,_,_,_,_,_,_,_,_,_,_,_,_,_,_,X,X,X,X,X,X
X,_,_,_,_,_,_,_,_,_,_,_,_,_,_,_,_,_,_,_,_,_,_,_,_,_,_,_,_,_,_,_,_,_,_,_,_,_,_,_,_,_,_,_,_,_,_,_,_,_,_,_,_,_,_,_,_,_,_,_,_,_,_,_,_,_,_,_,_,_,_,_,_,_,_,_,_,_,_,_,_,_,_,_,_,_,_,_,_,_,_,_,_,_,_,_,_,_,_,_,_,_,_,_,_,_,_,_,_,_,_,_,_,_,_,_,_,_,_,_,_,_,_,_,_,_,_,_,_,_,_,_,_,_,_,_,_,_,_,_,_,_,_,_,_,_,_,_,_,_,_,_,_,_,_,_,_,_,_,_,_,_,_,_,_,_,_,_,_,_,_,_,_,_,_,_,_,_,_,_,_,_,_,_,_,_,_,_,_,_,_,_,_,_,_,_,_,_,_,_,_,_,_,_,_,_,_,_,_,_,_,_,_,X,X,X,X,X,X,X,_,_,_,_,_,_,_,_,_,_,_,_,_,_,_,_,_,_,_,_,_,_,_,_,_,_,_,_,_,_,X,X,X,X,X,X
X,_,_,_,_,_,_,_,_,_,_,_,_,_,_,X,X,X,X,X,X,X,X,X,X,_,_,_,_,X,X,X,X,X,X,X,X,_,_,_,_,X,X,X,X,X,_,_,_,_,_,_,_,_,_,_,_,_,_,_,_,_,_,X,X,X,_,_,_,_,_,_,_,_,_,_,_,_,_,_,_,_,_,_,_,_,_,_,_,_,_,_,_,_,_,_,_,_,_,_,_,_,_,_,_,_,_,_,_,_,_,X,X,_,_,_,_,_,_,_,_,_,_,_,_,_,_,X,X,_,_,_,_,_,_,_,_,_,_,_,_,_,_,_,X,_,_,_,_,_,_,_,_,_,_,_,_,_,_,_,_,_,_,_,_,_,_,_,_,_,_,_,_,_,_,_,_,_,_,_,_,_,_,_,_,_,_,_,_,_,_,X,X,X,X,X,X,X,_,_,_,_,_,_,_,_,_,_,_,_,_,_,_,X,X,X,X,X,X,X,X,X,X,X,X,_,_,_,_,_,_,_,_,_,_,_,_,_,_,_,_,_,_,_,_,_,_,_,_,_,X,X,X,X,X,X
X,X,_,_,_,_,_,_,_,_,_,_,_,_,X,X,X,X,X,X,X,X,X,X,X,_,_,_,_,X,X,X,X,X,X,X,X,_,_,_,_,X,X,X,X,X,X,X,X,X,_,_,_,_,_,_,_,_,_,_,_,_,_,X,X,X,X,_,_,_,_,_,_,_,_,_,_,_,_,_,_,_,_,_,_,_,X,_,_,_,_,_,_,_,_,_,_,_,_,_,_,_,_,_,_,_,_,_,_,_,_,X,X,X,_,_,_,_,_,_,_,_,X,_,_,_,X,X,X,X,_,_,_,_,_,_,_,_,_,_,_,_,_,_,X,X,_,_,_,_,_,_,_,_,_,_,_,_,_,_,_,_,_,_,_,_,_,_,_,_,_,_,_,_,_,_,_,_,_,_,_,_,_,_,_,_,_,_,_,_,_,X,X,X,X,X,X,X,X,_,_,_,_,_,_,_,_,_,_,_,_,_,X,X,X,X,X,X,X,X,X,X,X,X,X,X,_,_,_,_,_,_,_,_,_,_,_,_,_,_,_,_,_,_,_,_,_,_,_,_,X,X,X,X,X,X
X,X,X,X,X,X,X,X,X,X,X,X,X,X,X,X,X,X,X,X,X,X,X,X,X,_,_,_,_,X,X,X,X,X,X,X,X,_,_,_,_,X,X,X,X,X,X,X,X,X,X,X,X,X,_,_,_,_,_,_,_,_,_,X,X,X,X,X,X,X,X,X,X,X,X,X,X,X,X,X,X,X,X,_,_,_,X,X,X,X,X,X,X,X,X,X,X,X,X,X,X,X,X,X,X,X,X,_,_,_,_,X,X,X,X,X,X,X,_,_,_,_,X,X,X,X,X,X,X,X,_,_,_,_,_,_,_,_,_,_,_,_,_,_,X,X,X,X,X,X,X,X,X,X,X,X,X,X,X,X,X,X,X,X,X,X,X,X,X,X,X,X,X,X,X,X,X,X,X,X,X,X,X,X,X,X,_,_,_,_,_,X,X,X,X,X,X,X,X,X,X,X,X,X,X,X,X,X,X,X,X,X,X,X,X,X,X,X,X,X,X,X,X,X,X,X,X,X,X,X,X,X,X,X,X,X,X,X,X,X,X,X,X,X,_,_,_,_,_,_,X,X,X,X,X,X
X,X,X,X,X,X,X,X,X,X,X,_,X,X,X,X,X,X,X,X,X,X,X,X,X,_,_,_,_,X,X,X,X,X,X,X,X,_,_,_,_,X,X,X,X,X,X,X,X,X,X,X,X,X,_,_,_,_,_,_,_,_,_,X,X,X,X,X,X,X,X,X,X,X,X,X,X,X,X,X,X,X,_,_,_,_,X,X,X,X,X,X,X,X,X,X,X,X,X,X,X,X,X,X,X,X,X,_,_,_,_,X,X,X,X,X,_,X,_,_,_,_,X,X,X,X,X,X,X,X,_,_,_,_,_,_,_,_,_,_,_,_,_,_,X,X,X,X,X,X,X,X,X,X,X,X,X,X,X,X,X,X,X,X,X,X,X,X,X,X,X,X,X,X,X,X,X,X,X,X,X,X,X,X,X,X,_,_,_,_,_,X,X,X,X,X,X,X,X,X,X,X,X,X,X,X,X,X,X,X,X,X,X,X,X,X,X,X,X,X,X,X,X,X,X,X,X,X,X,X,X,X,X,X,X,X,X,X,X,X,X,X,X,X,_,_,_,_,_,_,X,X,X,X,X,X
X,X,X,X,_,_,_,_,_,_,_,C,_,_,_,_,_,_,_,_,_,_,_,_,_,_,_,_,_,X,X,X,X,X,X,X,X,_,_,_,_,_,_,_,_,_,_,_,_,_,_,_,_,_,_,_,_,_,_,_,_,_,_,X,X,X,_,_,_,_,_,_,_,_,_,_,_,_,X,X,X,_,C,_,_,_,X,_,_,_,_,_,_,_,_,_,_,_,_,_,_,_,_,_,_,_,_,_,_,_,_,X,X,X,X,_,C,_,_,_,_,_,X,X,X,X,X,X,X,X,_,_,_,_,_,_,_,_,_,_,_,_,_,_,_,X,X,X,X,X,_,_,_,_,_,_,X,X,X,X,X,X,X,X,X,X,X,_,_,X,X,X,X,X,X,X,X,X,X,X,X,X,X,_,_,_,_,_,_,_,_,_,_,_,_,_,_,_,_,_,_,_,_,_,_,_,_,_,_,_,_,_,_,_,_,_,_,_,_,_,_,_,_,_,_,_,X,X,X,X,X,X,X,X,X,X,X,X,X,X,X,X,X,X,_,_,_,_,_,_,X,X,X,X,X,X
X,X,X,_,_,_,_,_,_,_,_,_,_,_,_,_,_,_,_,_,_,_,_,_,_,_,_,_,_,_,X,X,X,X,X,X,X,_,_,_,_,_,_,_,_,_,_,_,_,_,_,_,_,_,_,_,_,_,_,_,_,_,_,X,X,_,_,_,_,_,_,_,_,_,_,_,_,_,_,X,X,_,_,_,_,_,_,_,_,_,_,_,_,_,_,_,_,_,_,_,_,_,_,_,_,_,_,_,_,_,_,X,X,X,X,_,_,_,_,_,_,_,X,X,X,X,X,X,X,_,_,_,_,_,_,_,_,_,_,_,_,_,_,_,_,_,X,X,X,_,_,_,_,_,_,_,_,X,X,X,X,X,X,X,_,_,_,_,_,_,X,X,X,X,X,X,X,X,X,X,X,X,_,_,_,_,_,_,_,_,_,_,_,_,_,_,_,_,_,_,_,_,_,_,_,_,_,_,_,_,_,_,_,_,_,_,_,_,_,_,_,_,_,_,_,_,_,X,X,X,X,X,X,X,X,X,X,X,X,X,X,X,X,X,_,_,_,_,_,_,X,X,X,X,X,X
X,X,_,_,_,_,_,_,_,_,_,_,_,_,_,_,_,_,_,_,_,_,_,_,_,_,_,_,_,_,_,_,_,_,X,X,X,X,_,_,_,_,_,_,_,_,_,_,_,_,_,_,_,_,_,_,_,_,_,_,_,_,_,_,_,_,_,_,_,_,_,_,_,_,_,_,_,_,_,_,_,_,_,_,_,_,_,_,_,_,_,_,_,_,_,_,_,_,_,_,_,_,_,_,_,_,_,_,_,_,_,X,X,X,_,_,_,_,_,_,_,_,X,X,X,X,X,X,X,_,_,_,_,_,_,_,_,_,_,_,_,_,_,_,_,_,_,X,X,_,_,_,_,_,_,_,_,_,X,X,X,X,X,_,_,_,_,_,_,_,_,X,X,X,X,X,X,X,X,X,X,_,_,_,_,_,_,_,_,_,_,_,_,_,_,_,_,_,_,_,_,_,_,_,_,_,_,_,_,_,_,_,_,_,_,_,_,_,_,_,_,_,_,_,_,_,_,_,_,_,_,_,_,_,_,_,_,_,_,_,_,_,_,_,_,_,_,_,_,_,X,X,X,X,X,X
X,_,_,_,_,_,_,_,_,_,_,_,_,_,_,_,_,_,_,_,_,_,_,_,_,_,_,_,_,_,_,_,_,_,_,_,_,_,X,X,X,X,X,X,X,X,X,X,X,X,X,X,X,X,_,_,_,_,_,_,_,_,_,_,_,_,_,_,_,_,_,_,C,_,_,_,_,_,_,_,_,_,_,_,_,_,_,_,_,_,_,_,_,_,_,_,_,_,_,_,_,_,_,_,_,_,_,_,_,_,_,_,_,_,_,_,_,_,_,_,_,_,_,_,_,_,_,_,_,_,_,_,_,_,_,_,_,_,_,_,_,_,_,_,_,_,_,_,X,_,_,_,_,_,_,_,_,_,_,_,_,_,_,_,_,_,_,_,_,_,_,_,_,_,_,_,_,_,_,_,_,_,_,_,_,_,_,_,_,_,_,_,_,_,_,_,_,_,_,_,_,_,_,_,_,_,_,_,_,_,_,_,_,_,_,_,_,_,_,_,_,_,_,_,_,_,_,_,_,_,_,_,_,_,_,_,_,_,_,_,_,_,_,_,_,_,_,_,_,_,X,X,X,X,X,X
_,_,_,_,_,_,_,_,_,_,_,_,_,_,_,_,_,_,_,_,_,_,_,_,_,_,_,_,_,_,_,_,_,_,_,_,_,_,_,X,X,X,X,X,X,X,X,X,X,X,X,X,X,X,_,_,_,_,_,_,_,_,_,_,_,_,_,_,_,_,_,_,_,_,_,_,_,_,_,_,_,_,_,_,_,_,_,_,_,_,_,_,_,_,_,_,_,_,_,_,_,_,_,_,_,_,_,_,_,_,_,_,_,_,_,_,_,_,_,_,_,_,_,_,_,_,_,_,_,_,_,_,_,_,_,_,_,_,_,_,_,_,_,_,_,_,_,_,_,_,_,_,_,X,_,_,_,_,_,_,_,_,_,_,_,_,_,_,_,_,_,_,_,_,_,_,_,_,_,_,_,_,_,_,_,_,_,_,_,_,_,_,_,_,_,_,_,_,_,_,_,_,_,_,_,_,_,_,_,_,_,_,_,_,_,_,_,_,_,_,_,_,_,_,_,_,_,_,_,_,_,_,_,_,_,_,_,_,_,_,_,_,_,_,_,_,_,_,_,X,X,X,X,X,X,X
X,_,_,_,_,_,_,_,_,_,_,_,_,_,_,_,_,_,_,_,_,_,_,_,_,_,_,_,_,_,_,_,_,_,_,_,_,_,_,X,X,X,X,X,X,X,X,X,X,X,X,X,X,X,_,_,_,_,_,_,_,_,_,_,_,_,_,_,_,_,_,_,_,_,_,_,_,_,_,_,_,_,_,_,_,_,_,_,_,_,_,_,_,_,_,_,_,_,_,_,_,_,_,_,_,_,_,_,_,_,_,_,_,_,_,_,_,_,_,_,_,_,_,_,_,_,_,_,_,_,_,_,_,_,_,_,_,_,_,_,_,_,_,_,_,_,_,_,_,_,_,_,_,_,_,_,_,_,_,_,_,_,_,_,_,_,_,_,_,_,_,_,_,_,_,_,_,_,_,_,_,_,_,_,_,_,_,_,_,_,_,_,_,_,_,_,_,_,_,_,_,_,_,_,_,_,_,_,_,_,_,_,_,_,_,_,_,_,_,_,_,_,_,_,_,_,_,_,_,_,_,_,_,_,_,_,_,_,_,_,_,_,_,_,_,_,_,_,X,X,X,X,X,X,X,X
X,X,_,_,_,_,_,_,_,_,_,_,_,_,_,_,_,_,_,_,_,_,_,_,_,_,_,_,_,_,_,_,_,_,_,_,_,_,_,_,_,_,_,_,_,_,_,_,_,_,_,_,_,_,_,_,_,_,_,_,_,_,_,_,_,_,_,_,_,_,_,_,_,_,_,_,_,_,_,_,_,_,_,_,_,_,_,_,_,_,_,_,_,_,_,_,_,_,_,_,_,_,_,_,_,_,_,_,_,_,_,X,X,_,_,_,_,_,_,_,_,_,_,_,_,_,_,X,X,_,_,_,_,_,_,_,_,_,_,_,_,_,_,_,_,_,_,_,_,_,_,_,_,_,_,_,_,_,X,X,X,X,X,_,_,_,_,_,_,_,_,X,X,X,X,X,X,X,X,X,X,_,_,_,X,X,X,X,X,X,X,X,X,X,X,X,X,X,X,X,X,X,X,X,X,X,X,X,X,X,X,X,X,X,X,X,X,X,X,X,X,X,X,X,X,X,X,X,X,X,X,X,X,X,X,X,X,X,X,X,X,X,X,X,X,X,X,X,X,X,X,X,X,X,X,X
X,X,X,_,_,_,_,_,_,_,_,_,_,_,_,_,_,_,_,_,_,_,_,_,_,_,_,_,_,_,X,X,X,_,_,_,_,_,_,_,_,_,_,_,_,_,_,_,_,_,_,_,_,_,_,_,_,_,_,_,_,_,_,X,X,_,_,_,_,_,_,_,_,_,_,_,_,_,_,X,X,_,_,_,_,_,_,_,_,_,_,_,_,_,_,_,_,_,_,_,_,_,_,_,_,_,_,_,_,_,_,X,X,_,_,_,_,_,_,_,_,_,_,_,_,_,_,X,X,_,_,_,_,_,_,_,_,_,_,_,_,_,_,_,_,_,_,_,_,_,_,_,_,_,_,_,_,X,X,X,X,X,X,X,_,_,_,_,_,_,X,X,X,X,X,X,X,X,X,X,X,X,_,X,X,X,X,X,X,X,X,X,X,X,X,X,X,X,X,X,X,X,X,X,X,X,X,X,X,X,X,X,X,X,X,X,X,X,X,X,X,X,X,X,X,X,X,X,X,X,X,X,X,X,X,X,X,X,X,X,X,X,X,X,X,X,X,X,X,X,X,X,X,X,X,X
X,X,X,X,_,_,_,_,_,_,_,_,_,_,_,_,_,_,_,_,_,_,_,_,_,_,_,_,_,X,X,X,X,X,_,_,_,_,_,_,_,_,_,_,_,_,_,_,_,_,_,_,_,_,_,_,_,_,_,_,_,_,X,X,X,X,_,_,_,_,_,_,_,_,_,_,_,_,X,X,X,X,_,_,_,X,X,_,_,_,_,_,_,_,_,_,_,_,_,_,_,_,_,_,_,_,_,_,_,_,X,X,X,X,_,_,_,_,_,_,_,_,_,_,_,_,X,X,X,X,_,_,_,_,_,_,_,_,_,_,_,_,_,_,_,_,_,_,X,X,_,_,_,_,_,_,X,X,X,X,X,X,X,X,X,X,X,_,_,X,X,X,X,X,X,X,X,X,X,X,X,X,X,X,X,X,X,X,X,X,X,X,X,X,X,X,X,X,X,X,X,X,X,X,X,X,X,X,X,X,X,X,X,X,X,X,X,X,X,X,X,X,X,X,X,X,X,X,X,X,X,X,X,X,X,X,X,X,X,X,X,X,X,X,X,X,X,X,X,X,X,X,X,X,X,X
X,X,X,X,X,X,X,X,X,X,X,X,X,X,X,X,X,X,X,X,X,X,X,X,X,X,X,X,X,X,X,X,X,X,X,X,X,X,X,X,X,X,X,X,X,X,X,X,X,X,X,X,X,X,X,X,X,X,X,X,X,X,X,X,X,X,X,X,X,X,X,X,X,X,X,X,X,X,X,X,X,X,X,X,X,X,X,X,X,X,X,X,X,X,X,X,X,X,X,X,X,X,X,X,X,X,X,X,X,X,X,X,X,X,X,X,X,X,X,X,X,X,X,X,X,X,X,X,X,X,X,X,X,X,X,X,X,X,X,X,X,X,X,X,X,X,X,X,X,X,X,X,X,X,X,X,X,X,X,X,X,X,X,X,X,X,X,X,X,X,X,X,X,X,X,X,X,X,X,X,X,X,X,X,X,X,X,X,X,X,X,X,X,X,X,X,X,X,X,X,X,X,X,X,X,X,X,X,X,X,X,X,X,X,X,X,X,X,X,X,X,X,X,X,X,X,X,X,X,X,X,X,X,X,X,X,X,X,X,X,X,X,X,X,X,X,X,X,X,X,X,X,X,X,X,X
